Target_ID,baseMean,log2FoldChange,lfcSE,pvalue,padj
TMUE_0000000005.1,32.5383887532841,3.18226365829706,0.72358132327832,7.73032085623784e-07,6.05661738422828e-06
TMUE_0000000014.1,280.600953761897,1.10840414990714,0.355682498596609,0.000461038150677221,0.00210641744785127
TMUE_0000000019.1,7667.82256613886,1.3059018250396,0.159860923629219,3.79538543669795e-17,9.18184697704039e-16
TMUE_0000000029.1,539.104128434615,1.10707069928131,0.1363875540392,1.42603337202026e-16,3.32900724846364e-15
TMUE_0000000070.1,218.646118474053,1.75768242912268,0.739466982297911,0.00150071565702568,0.00601301530230461
TMUE_0000000101.1,21111.7491976423,4.98170628429081,0.260726988016694,2.29474899865609e-82,5.31816394746515e-80
TMUE_0000000103.1,109.052644508529,2.32901218840027,0.777604016290202,0.000166359258730744,0.000844792285285274
TMUE_0000000104.1,6681.71931246545,2.15368509254423,0.321648282655126,2.71996496849603e-12,4.25170672641448e-11
TMUE_0000000125.1,1784.07439034798,1.18752220089612,0.300095362485571,1.82140619557221e-05,0.000113552072021034
TMUE_0000000155.1,2220.18137341808,1.21916866987018,0.272984535583893,2.00282027926165e-06,1.47048205168379e-05
TMUE_0000000256.1,514.519726847177,1.19770610711664,0.218848570171764,1.14092844001536e-08,1.16728001818846e-07
TMUE_0000000269.1,7308.8905587019,1.06400837260468,0.125964423612798,9.95881871622143e-18,2.51980174194774e-16
TMUE_0000000305.1,168.009502082716,1.17538335531476,0.17171685245204,1.86844382481413e-12,3.00284273392993e-11
TMUE_0000000312.1,272.70766145477,1.94081137416972,0.22758836171831,1.94030602174481e-18,5.07813970437337e-17
TMUE_0000000314.1,1221.81799980889,1.3173799203352,0.278040399643197,4.502872295816e-07,3.67000157402618e-06
TMUE_0000000337.1,1996.13517191705,1.43257427830549,0.363846696019263,1.36054573797033e-05,8.69558643147915e-05
TMUE_0000000338.1,456.783080550245,1.13806960198498,0.241473238208159,6.4474427806068e-07,5.1040127477566e-06
TMUE_0000000338.2,9175.86913276144,1.45892491358689,0.140313233281247,4.64777236938313e-26,1.88158298629888e-24
TMUE_0000000347.1,7784.31031005517,1.70160433958744,0.154887645199805,3.78559464504355e-29,1.78570631176671e-27
TMUE_0000000352.1,970.003160698048,1.01870627732883,0.278956980671501,8.37388762337602e-05,0.000454383566289128
TMUE_0000000352.4,187.271706321367,2.20973220121483,0.227518203734421,2.25124429704356e-23,7.80903417657778e-22
TMUE_0000000378.1,554.368424947446,1.31257022035983,0.117299887282696,9.68293871659217e-30,4.6779417829917e-28
TMUE_0000000439.1,1858.54307870059,1.1761242274209,0.206049374372371,2.9154111199451e-09,3.21963668639793e-08
TMUE_0000000458.2,974.797075238708,1.41240634309627,0.144576182414693,2.74811144657073e-23,9.51191561517588e-22
TMUE_0000000468.1,3318.35086779849,1.75703511688618,0.265101407073393,4.76114058366417e-12,7.30666017978634e-11
TMUE_0000000546.1,118.294135062625,1.15597141063248,0.400576386522257,0.000859676487875351,0.00365905954687643
TMUE_0000000556.1,4388.15816561621,1.19530570828694,0.144292215042296,3.11683465113032e-17,7.59775958936356e-16
TMUE_0000000620.1,3525.07340933995,1.35540753624682,0.11101443530455,6.56524448340557e-35,3.79006586765843e-33
TMUE_0000000671.1,4440.42958146618,2.59670775685022,0.210436798992912,4.57015924036201e-36,2.8000542686831e-34
TMUE_0000000674.1,2688.40056445719,1.12886340625952,0.41383560165708,0.00159945791310511,0.0063608384701477
TMUE_0000000696.1,366.998164352143,2.68218096985261,0.189530427992949,1.75429648883279e-46,1.5329483690123e-44
TMUE_0000000708.1,6588.21052084514,1.11231578323666,0.294878463092495,4.37809190750848e-05,0.000252926545133555
TMUE_0000000731.1,1105.77478763687,1.12616890192788,0.212827241043024,3.26624562484614e-08,3.15021313551958e-07
TMUE_0000000740.1,137.184805570885,1.53803368700643,0.280781260820186,6.28923573939629e-09,6.69136185686535e-08
TMUE_0000000781.1,637.865179029562,2.13130396836396,0.933063125543956,0.00125986315185487,0.00515255029701056
TMUE_0000000786.1,430.567658785436,1.02193806428499,0.242338681585964,7.84578913011409e-06,5.21888577286416e-05
TMUE_0000000798.1,53.048029571867,1.4187393560579,0.496487475512434,0.000658300313615613,0.00289518160479298
TMUE_0000000822.1,637.529628460568,1.16737009347962,0.140541002449705,2.77981914855915e-17,6.81780490868243e-16
TMUE_0000000829.1,674.958098417097,4.01872359769607,0.295344909263152,1.76413009734278e-43,1.36942739740817e-41
TMUE_0000000841.1,530.672769596445,1.12398741096643,0.167248482936742,4.78426246504781e-12,7.32807864737351e-11
TMUE_0000000876.1,444.319038106617,2.02845425458302,0.264248864067009,1.75920536976664e-15,3.69179174119925e-14
TMUE_0000000884.1,2585.1347296964,3.69257544771112,0.170303212002258,1.09642998359321e-105,4.49564406862539e-103
TMUE_0000000885.1,12.4289245610223,3.10248274181097,1.45931105323558,0.00112402990927432,0.0046529542529655
TMUE_0000000953.1,349.206930508608,3.61012613680924,0.523142778182381,2.55249805071372e-13,4.43663003575686e-12
TMUE_0000000959.1,1199.3353522174,2.89566468446582,0.902076447550045,6.03703020448993e-05,0.000338018732492992
TMUE_0000000978.1,52.9724935823275,1.71031007936925,0.397753538074857,2.24594062046442e-06,1.63621122833014e-05
TMUE_0000000990.1,444.486361391583,1.26014323114224,0.165870256904875,7.91928761420546e-15,1.56729366632128e-13
TMUE_0000000993.1,289.552951452326,3.06461390731454,0.390287757816349,2.9807269979318e-16,6.63855228745508e-15
TMUE_0000000994.1,378.147089634802,2.62102296303999,0.260102484632423,6.43640229743504e-25,2.41606828963107e-23
TMUE_0000001017.1,1700.46330476614,1.21919507369369,0.194917350920422,9.7222991935204e-11,1.29557738669654e-09
TMUE_0000001019.1,4440.42958146618,2.59670775685022,0.210436798992912,4.57015924036201e-36,2.8000542686831e-34
TMUE_0000001025.1,3159.68131372159,1.65135147285066,0.354758207064458,4.50120938430574e-07,3.67000157402618e-06
TMUE_0000001094.1,1049.11683855623,5.56702300169979,2.32130835865188,0.000171385540631815,0.000868385988670263
TMUE_0000001112.1,4440.42958146618,2.59670775685022,0.210436798992912,4.57015924036201e-36,2.8000542686831e-34
TMUE_0000001209.1,157.827240113242,1.04731515594331,0.351884315720842,0.000809579778205657,0.00347170561364619
TMUE_0000001227.1,238.460412678097,1.46583891003211,0.405290339695284,4.91099743876309e-05,0.000280871817035982
TMUE_0000001255.1,1425.69845386692,2.30329072069537,0.30354718221353,2.76688194113725e-15,5.69436410820151e-14
TMUE_0000001292.1,676.008137992591,1.07485580962761,0.367302429888233,0.000921840244920592,0.00389565204982167
TMUE_0000001323.1,1113.52112359149,1.58850420760466,0.24541603171576,1.50229958813887e-11,2.18195029190996e-10
TMUE_0000001348.1,67.1352857709056,1.22185288440632,0.349957628688775,9.84657372211236e-05,0.000526082727665549
TMUE_0000001353.1,345.589924358125,1.43143116188587,0.505871405856812,0.000677043952862789,0.00296700735824304
TMUE_0000001462.1,123.227997832611,1.353614288007,0.512728276552791,0.00132029512381547,0.00536403438133467
TMUE_0000001478.1,1889.19428872074,5.1215192233638,0.343890306882795,1.35785925996657e-51,1.43798194875003e-49
TMUE_0000001479.1,34.6020685596533,1.11178191277541,0.424055205589333,0.00211461822314821,0.00815995656524205
TMUE_0000001481.1,436.75542650211,1.15597615101471,0.405060644467475,0.00100465911462803,0.00421114125872002
TMUE_0000001495.1,1039.86612378529,3.88398450636489,0.258671522433257,1.99767607973551e-52,2.14394887188258e-50
TMUE_0000001496.1,2688.40056445719,1.12886340625952,0.41383560165708,0.00159945791310511,0.0063608384701477
TMUE_0000001535.1,1643.1188805543,1.22172579404151,0.309148059098521,1.76182912156189e-05,0.000110224606740596
TMUE_0000001570.1,120.558963061848,1.01300509265903,0.351096900077304,0.00112173671951289,0.00464466387408873
TMUE_0000001575.1,174.704044258707,2.6362677294462,0.44114687421732,1.46320220828393e-10,1.90693288611803e-09
TMUE_0000001584.1,3170.06063751485,2.5009314677717,0.223318572576885,3.16358183898409e-30,1.56621786957259e-28
TMUE_0000001606.1,3443.12648480784,1.16443610140479,0.195657628585472,7.03514524121508e-10,8.39544832479629e-09
TMUE_0000001607.2,50.3394934557181,10.563362911931,3.7835322534548,6.22986649142339e-06,4.21768819070074e-05
TMUE_0000001658.1,85.8731416562137,1.28298377097252,0.457973857005309,0.000942104920702063,0.00397498675117327
TMUE_0000001662.1,58.3010634146631,2.02497629225022,0.73266906239396,0.000427260553298132,0.00197181053615885
TMUE_0000001671.1,268.626673676571,1.13811612692763,0.166290373006082,2.2204730550225e-12,3.52607593077108e-11
TMUE_0000001673.1,393.029603642015,1.01441556575755,0.230539022542785,3.48314616897602e-06,2.44938392207984e-05
TMUE_0000001677.1,341.867574104032,1.49649685600935,0.354714131230362,3.83492779042586e-06,2.6767494673374e-05
TMUE_0000001708.1,3086.23891868738,1.99920307001386,0.29663290875492,1.67501739264984e-12,2.71379970880077e-11
TMUE_0000001717.1,445.614478018532,1.12128343116558,0.247171267936666,1.52392088636865e-06,1.14247627257014e-05
TMUE_0000001736.1,185.088575908008,1.20107001390715,0.312829768022007,2.7859149004909e-05,0.000167984785723039
TMUE_0000001755.1,9520.46437315457,2.04976813243861,0.268773710521955,2.57377767253542e-15,5.31747787616459e-14
TMUE_0000001837.1,862.296208740183,1.23666303640738,0.206209105395837,4.56348359515364e-10,5.53677285053883e-09
TMUE_0000001849.1,12.8107895742727,3.47076579121786,1.48002145166552,0.000567881699485427,0.00253588278594568
TMUE_0000001885.1,1060.85060926186,1.42155382384812,0.235017343762714,2.67513316342661e-10,3.33162417572858e-09
TMUE_0000001897.1,280.174614217312,2.57768006014705,0.281808175860417,5.13279839284955e-21,1.55746829411873e-19
TMUE_0000001904.1,1543.82393016769,4.27478025763809,0.295822406305225,9.56206498062402e-49,9.21126392199752e-47
TMUE_0000001915.1,68.6680931801386,2.26135603882641,0.695514788807992,8.13703241057789e-05,0.000442883884538976
TMUE_0000001919.1,339.482776229647,1.06837760517252,0.335125287549442,0.00039722168549459,0.00184919125844075
TMUE_0000001947.1,146.497236448054,1.85550447134594,0.398523750101682,3.49815771887452e-07,2.91349167096471e-06
TMUE_0000001952.1,252.455525907858,1.70520284628881,0.471453210966619,3.63977884864684e-05,0.000214615426138317
TMUE_0000001968.1,128.387850758997,1.01669911923781,0.278989099016453,8.26085103778293e-05,0.000449164464281492
TMUE_0000001979.1,365.137605571669,1.82550695166811,0.228763068980188,1.6901917826706e-16,3.88331275814448e-15
TMUE_0000001994.1,141.633061460632,1.88364667404587,0.280671018318846,2.36217492591107e-12,3.72520110850531e-11
TMUE_0000001999.1,3223.68718259457,1.57263270882113,0.272696606235954,1.33747842638844e-09,1.53867751916385e-08
TMUE_0000002083.1,376.476061019686,1.10614024777854,0.322141749214071,0.000156410054250083,0.000798325304025881
TMUE_0000002186.1,48.3246057071657,2.98266840220013,0.632460743891423,1.63706758771183e-07,1.43600371887548e-06
TMUE_0000002228.1,805.655143898616,1.29447648750305,0.271313806676413,3.58154072864134e-07,2.97674423309305e-06
TMUE_0000002247.1,969.467385395718,2.38106406732879,0.17085236897072,2.90024347365298e-45,2.41551007224921e-43
TMUE_0000002288.1,225.018314370648,1.15892147670767,0.365078174204276,0.00035531578787196,0.00167705276383132
TMUE_0000002319.1,142.462401033172,1.02521745552676,0.268046275613203,4.04176053950807e-05,0.000234939268583328
TMUE_0000002429.1,4113.92597195084,1.80215973626842,0.178526645936059,7.88114832227054e-25,2.93770262987012e-23
TMUE_0000002455.1,75.1876383396695,1.468646512693,0.39295151431488,2.98010651585397e-05,0.000178482708970116
TMUE_0000002461.1,635.266006446998,2.38992643776062,0.310469759750675,1.04548237371944e-15,2.22910781841969e-14
TMUE_0000002462.1,7021.10124295797,3.13073023058305,0.299814130107195,1.03840561048178e-26,4.32425628052451e-25
TMUE_0000002477.1,299.197589400219,1.06626398845666,0.345624130606379,0.000543857292794768,0.00244292751940481
TMUE_0000002478.1,6929.39800601678,1.102685457316,0.293938160099671,4.81996023961116e-05,0.000276357060565156
TMUE_1000002543.1,17.0272546357667,2.79991586042956,1.05156193233642,0.000365478155859836,0.00171842434294462
TMUE_1000002626.1,10526.5324621373,1.00738419147664,0.133811480907391,1.77383070391843e-14,3.41750925136862e-13
TMUE_1000002747.1,1564.28861973645,1.39183812087337,0.151847707295938,9.96481627416361e-21,2.9673627009339e-19
TMUE_1000002748.1,2939.88870055395,2.15880332607412,0.241890280238144,3.21858066291531e-20,9.22371386750516e-19
TMUE_1000002753.1,169.387982062973,1.18795000100824,0.317369332936073,4.3390419235547e-05,0.000250942565640373
TMUE_1000002758.1,53.048029571867,1.4187393560579,0.496487475512434,0.000658300313615613,0.00289518160479298
TMUE_1000002796.1,1881.71135368992,1.68241761578032,0.0876117833873205,4.13278159909898e-83,1.01672785463372e-80
TMUE_1000002813.1,190.086412036259,1.53150696919147,0.233738117056929,8.46911378837335e-12,1.25981021944073e-10
TMUE_1000002822.1,198.42183416692,1.03952034233997,0.311023014498679,0.000232913876939861,0.00113969577911423
TMUE_1000002824.1,19139.6495478308,1.13310538050277,0.109179189975082,9.23103695697328e-26,3.62686761619066e-24
TMUE_1000002841.1,173.694114833184,1.98723037063152,0.400304124649407,6.053209608561e-08,5.62226355178174e-07
TMUE_1000002845.1,1121.50221955261,1.97286308544276,0.268811777948778,2.54431470381929e-14,4.83208271125586e-13
TMUE_1000002850.1,207.023824251178,1.82012168905705,0.344920778765415,1.71544977045529e-08,1.71234439946008e-07
TMUE_1000002852.1,2989.62345491392,1.33598584403342,0.177337775317541,1.10575959542531e-14,2.16428417263723e-13
TMUE_1000002858.1,88.4020684381249,1.16512740998748,0.300900649686848,2.79711255444463e-05,0.000168596407305406
TMUE_1000002901.1,30.1011277925725,2.85369187355435,0.532751513491946,7.74540777298938e-09,8.1270876442174e-08
TMUE_1000002922.1,151.094152078066,1.07974006006861,0.378097405284044,0.00108447744483573,0.00449620918339853
TMUE_1000002928.1,175.245314909693,1.23900228887286,0.22894551697641,1.44040398310265e-08,1.44689486506521e-07
TMUE_1000002944.2,378.684608543866,2.68988504909688,0.324934616712138,7.83010051550452e-18,1.99698783641839e-16
TMUE_1000002964.1,145.109260218449,1.04003118128491,0.259677400104298,1.76349452041118e-05,0.000110285650668342
TMUE_1000002970.1,111.37079822825,1.57241903366771,0.68523290412568,0.00230674018930671,0.00882888520038382
TMUE_1000003033.1,565.335928542004,2.06449314708841,0.3014857199434,8.7995153645454e-13,1.46271361948488e-11
TMUE_1000003043.1,385.656120729683,1.97499173354166,0.297845511691035,3.82956852908843e-12,5.93973136262397e-11
TMUE_1000003048.1,247.228946924331,1.04741491470684,0.336755527650816,0.000527827098717128,0.0023789411317885
TMUE_1000003062.1,3799.47197068198,1.7024897451191,0.148022648573565,2.13435077037088e-31,1.10812997301951e-29
TMUE_1000003097.1,95.0711796716485,1.84733874843824,0.344281706994137,8.53368495455043e-09,8.89583807745866e-08
TMUE_1000003112.1,346.10926325086,1.01020516748016,0.159201087207267,7.76581010941036e-11,1.0435552055427e-09
TMUE_1000003116.1,356.409734765227,1.26085925283201,0.196457447049761,2.87552773517085e-11,4.06206395875592e-10
TMUE_1000003117.1,504.818792021357,2.46489616247112,0.135638463490618,7.17250823396045e-75,1.28871437268833e-72
TMUE_1000003118.1,6094.94933662596,1.21112114638463,0.0890047861204056,9.44519001989535e-43,7.22670017263859e-41
TMUE_1000003127.1,42.7831667025283,3.54728835920652,0.641705474413695,2.12159165087749e-09,2.382469950083e-08
TMUE_1000003135.1,211.99560421712,1.25499737265789,0.215251556118135,1.18231436267666e-09,1.36903613132241e-08
TMUE_1000003136.1,32874.4354707262,1.81320528411068,0.125591677515454,4.47361989591078e-48,4.18348864067306e-46
TMUE_1000003145.1,281.756202396816,1.06235020284826,0.25353459254965,8.37213101687415e-06,5.53446660152272e-05
TMUE_1000003146.1,1909.03265429973,1.17676896436866,0.213981000878829,9.81489089436758e-09,1.01062408430027e-07
TMUE_1000003152.1,300.274512143307,1.09019473157725,0.336133261539944,0.000313058217675444,0.00149347075144631
TMUE_1000003154.1,361.646910835735,1.92172206515735,0.252748564967344,3.71682694177693e-15,7.53305191710455e-14
TMUE_1000003158.1,3152.93869710742,1.2094129151488,0.360479406728381,0.000181173189457484,0.00091076405929413
TMUE_1000003194.1,1668.0463835327,1.42921122590923,0.11750377736773,1.01032081155328e-34,5.749480461761e-33
TMUE_1000003203.1,162.078195450022,2.34330015003642,0.404892065823282,6.074830620999e-10,7.3094519533781e-09
TMUE_1000003204.1,805.660008722001,1.8390926732319,0.261888019758284,2.71972823088316e-13,4.70683702814423e-12
TMUE_1000003241.1,971.800940652851,1.08737508923101,0.212247366065366,8.64004307375656e-08,7.83236557780279e-07
TMUE_1000003271.1,628.398566694567,1.14478473352279,0.217800919092666,3.97217631855063e-08,3.78176330357425e-07
TMUE_1000003285.1,212.975027931542,1.26170258629693,0.221898772111738,3.18192760999714e-09,3.49946385223275e-08
TMUE_1000003292.1,91.1297465243176,1.72052272676039,0.71182267981389,0.00143052209925414,0.00575918401036578
TMUE_1000003314.1,1338.80966452386,1.0082025089007,0.25548443815758,2.54068441760296e-05,0.000154186279020452
TMUE_1000003330.1,23.4216027741269,2.01585869541882,0.833354944778594,0.00106986734536335,0.00444601058204401
TMUE_1000003352.1,1478.18809279476,1.56724031146825,0.157204834127422,3.32666666501098e-24,1.19543205933012e-22
TMUE_1000003368.1,55.362962384869,1.33427145231664,0.374463889681754,6.42060051344281e-05,0.000357144534457039
TMUE_1000003372.1,75.4072598775453,1.43859729201686,0.328360661928508,2.24710782156394e-06,1.63631608263338e-05
TMUE_1000003432.1,2872.93566424609,1.00083420784942,0.109919081066319,3.09206088581818e-20,8.89301180307886e-19
TMUE_1000003441.1,3033.27626396193,1.3819325789477,0.0818697460048409,1.38221603281401e-64,1.97348362327936e-62
TMUE_1000003457.1,646.017500020943,1.04899522464757,0.164550510950801,6.10448939996586e-11,8.29370348299525e-10
TMUE_1000003458.1,2513.40737205598,1.03882002054005,0.116653812216687,1.78577848104233e-19,4.94055081147887e-18
TMUE_1000003477.1,88.1509704371016,1.66762222996896,0.444228584552987,2.26722335422597e-05,0.000138802330235174
TMUE_1000003521.1,293.543853914112,1.22213977468193,0.203213568120367,4.49445387020709e-10,5.45716111150202e-09
TMUE_1000003535.4,62.5086930659646,2.93868798493779,0.788531003504315,1.05182944911352e-05,6.82068317955161e-05
TMUE_1000003561.1,1265.13752725645,1.27097999167317,0.161711199568401,8.32570009258426e-16,1.79187443042416e-14
TMUE_1000003566.1,164.170619448084,1.43969055897167,0.413084480754122,7.88725315433412e-05,0.000431787282406562
TMUE_1000003581.1,586.344629345072,1.09381849550853,0.178924681574129,2.92965354536442e-10,3.62601314581443e-09
TMUE_1000003604.1,3155.96664471668,1.3365262851439,0.221853720382274,3.44459111655444e-10,4.23919658254355e-09
TMUE_1000003615.2,2337.06540811113,1.21482846038157,0.174163384397469,6.9269208285491e-13,1.15866517750344e-11
TMUE_1000003615.3,1648.46259521645,1.35280828411752,0.304283159466639,1.74926154076124e-06,1.29802511825118e-05
TMUE_1000003617.3,226.982484452106,1.56026286509566,0.44494824690878,5.9799498091304e-05,0.000335511284687291
TMUE_1000003618.1,71.9932308862341,1.00650847169826,0.383319379920908,0.00242854639418439,0.00924420028312368
TMUE_1000003630.1,553.466942256811,1.28642779601107,0.149812684034317,1.9520741788579e-18,5.10059120818899e-17
TMUE_1000003652.1,1016.98892499432,1.0377559522488,0.10647184268366,6.97092429845321e-23,2.35173102229041e-21
TMUE_1000003656.1,384.363237958985,1.44300380781082,0.384733134276663,2.92001153044646e-05,0.000175211648718084
TMUE_1000003690.1,831.787010403001,1.15705821068676,0.349369843623354,0.00022133271606604,0.0010893602531893
TMUE_1000003724.1,1372.88344045318,1.63239805159026,0.317200290672622,3.81882082467135e-08,3.64360165914794e-07
TMUE_1000003734.1,15371.9654327947,1.88272281398278,0.294731027636773,2.68894579051919e-11,3.81196206881138e-10
TMUE_1000003753.1,1206.01655096756,1.05356852513162,0.238119761814109,2.89493872400501e-06,2.06296636076489e-05
TMUE_1000003769.1,679.248257941284,1.18908647116228,0.147391541226663,1.94078921232692e-16,4.43359432775996e-15
TMUE_1000003779.1,71.4674513321792,1.83693651214815,0.435377122566056,2.67102634181685e-06,1.91965762840419e-05
TMUE_1000003797.1,6994.14819645254,4.20677103587244,0.263790737102073,2.1037054384189e-58,2.69122829326053e-56
TMUE_1000003800.1,6694.02792195535,2.42580442044348,0.0925076060186679,7.12267458684795e-153,1.03544263016623e-149
TMUE_1000003826.1,171.389645432021,1.92245047494557,0.901241012788487,0.00208803428540722,0.00807100707226174
TMUE_1000003851.1,16500.1688005087,1.51994067922399,0.280058207293119,1.76556286336268e-08,1.75875675024561e-07
TMUE_1000003866.1,1013.52555742023,3.69447961472621,0.268306896339571,2.3545948843034e-44,1.92103708137223e-42
TMUE_1000003873.2,3324.89472458057,5.24881468604047,0.531364117170106,2.40265807140013e-24,8.71940788897708e-23
TMUE_1000003881.1,58.9157285127242,2.32893405155278,0.391584856943075,2.42035744377724e-10,3.03560281438759e-09
TMUE_1000003912.1,2962.22608064257,1.30764110891729,0.214155594442346,2.1857150576286e-10,2.77394995924912e-09
TMUE_1000003915.1,3326.06089609112,1.0930236966316,0.0973786062101889,1.62001862292335e-29,7.73305008930367e-28
TMUE_1000003924.1,1188.98774743539,1.3111409676181,0.16386803347423,2.71980001973526e-16,6.0999049250472e-15
TMUE_1000003931.1,1644.26735750389,1.27825595291389,0.210672521713827,2.83693471893841e-10,3.51942770291266e-09
TMUE_1000003936.1,134.024291522254,1.0082654055099,0.332200223924775,0.00073490503894242,0.00319276849655331
TMUE_1000003965.1,489.596095284145,1.47274585584213,0.307982598333346,2.90300478905089e-07,2.44326050430067e-06
TMUE_1000003971.3,359.136986076994,1.99215350113467,0.846088135632299,0.00122175017503681,0.00501077380072164
TMUE_1000003977.2,484.312639325638,1.00313387632027,0.173948621253843,2.71525561528058e-09,3.01734903015648e-08
TMUE_1000003978.1,4523.4651241787,1.0301028280266,0.300901391146058,0.000213885382119933,0.00105726155965374
TMUE_1000003992.5,131.141977112527,1.20729175214894,0.337236786712592,7.33979110208257e-05,0.000404168731106758
TMUE_1000004009.1,5764.83080290483,1.10295236742186,0.162459044921716,2.66257880695363e-12,4.17424487274465e-11
TMUE_1000004046.2,1368.72557130263,1.25047001094169,0.392656783072119,0.000292362016951745,0.00140058748144858
TMUE_1000004083.1,6348.70590458053,1.39023087658112,0.114062967419773,7.53844361256809e-35,4.30525899316344e-33
TMUE_1000004115.1,91.4362623698228,1.04322878825503,0.355200296355149,0.000919516699677103,0.00388788776957603
TMUE_1000004134.2,487.071964729383,1.19251347109427,0.423552703112478,0.00102953822081584,0.00429740164162518
TMUE_1000004143.1,611.019187368976,1.17649826599718,0.41538350051471,0.000993604296465249,0.00417136421758356
TMUE_1000004148.1,84.7359059872127,1.04080854973676,0.358935951613936,0.00103601997411005,0.00432107339749448
TMUE_1000004161.1,10194.7674739566,1.16886650493868,0.128311084326731,2.25488613890132e-20,6.56792062789999e-19
TMUE_1000004194.1,797.649322622909,1.12729091269949,0.312723275327454,7.91169805461407e-05,0.000432977288129136
TMUE_1000004194.2,1767.68447979842,1.22394325446827,0.361893706696466,0.000154967637979577,0.000791468380367746
TMUE_1000004201.1,2625.12268596931,1.32066333299937,0.277402574508432,4.55529290762558e-07,3.70697377486425e-06
TMUE_1000004217.1,2152.15757196846,1.01631341311067,0.123928697622107,8.31998938089247e-17,1.96812056493863e-15
TMUE_1000004252.2,311.60054916152,1.00626275994295,0.234334119863153,5.53834558543843e-06,3.77348462960144e-05
TMUE_1000004258.2,576.75320724744,2.13787917893726,0.95604846617345,0.00137661992006049,0.00556178098577243
TMUE_1000004274.1,1703.24539328714,1.09668536563022,0.162065406899959,3.88199337553531e-12,6.01520892133577e-11
TMUE_1000004380.1,1102.0572991871,1.04839159545245,0.107847916076342,8.69500155480805e-23,2.92104558535579e-21
TMUE_1000004405.1,524.258860904426,1.48219831199643,0.159550503453284,2.53795173866198e-21,7.80468966402763e-20
TMUE_1000004414.1,258.287103825365,1.50729142339103,0.237923223281458,3.88859132530873e-11,5.41187675222035e-10
TMUE_1000004433.1,533.005219641415,1.32472889410815,0.254264939563878,3.99805532697788e-08,3.80100491876951e-07
TMUE_1000004441.1,434.704660186334,1.12096939580124,0.179909835160465,1.41243069440473e-10,1.84829617301358e-09
TMUE_1000004442.1,145.206958357702,1.8764788068437,0.267356682394223,2.56547913657078e-13,4.45435145199819e-12
TMUE_1000004468.1,49.734809669841,2.47438966113379,0.404394280535485,6.67472338896422e-11,9.01482277980801e-10
TMUE_1000004550.1,3060.69314081312,1.40970920928871,0.140174223816724,1.7629770444143e-24,6.42181455973328e-23
TMUE_1000004558.1,125.678685143168,1.43469035150988,0.335593884603701,3.24255298484816e-06,2.29127992844485e-05
TMUE_1000004561.1,21636.9520690255,1.41577819182046,0.091089755518923,4.33159402410895e-55,5.01931304634248e-53
TMUE_1000004563.1,93.1554276716039,1.52394744299166,0.520219116354832,0.00044451337947824,0.00204435244499181
TMUE_1000004578.1,33.1487064362112,1.30438630507881,0.455558015112333,0.000767429168707058,0.00331137610275083
TMUE_1000004632.1,2523.6504976053,1.00692610416333,0.133873104187547,1.84520631503853e-14,3.54647766631985e-13
TMUE_1000004633.1,130.142505444369,1.59234612377943,0.280594131467429,2.07247584274222e-09,2.33058798883901e-08
TMUE_1000004634.1,2134.10993817465,1.00907008090766,0.106281246399033,7.67141926238713e-22,2.43884026689528e-20
TMUE_1000004650.1,619.978852132493,1.04703822747417,0.344933250473516,0.00070060288291025,0.00306102204934913
TMUE_1000004652.1,1106.89214166762,1.2290314231096,0.259465557437143,5.07996632308874e-07,4.10686256180546e-06
TMUE_1000004667.1,2390.92484083823,1.48710480372244,0.222862142191252,4.37654736300436e-12,6.73583916090497e-11
TMUE_1000004685.1,575.51797491235,1.46343719957419,0.207412019193959,3.11481975827189e-13,5.35006259447108e-12
TMUE_1000004692.1,18.0914308487485,2.38617800557908,0.982963088489276,0.000823227061273147,0.0035236145441164
TMUE_1000004693.1,151.094152078066,1.07974006006861,0.378097405284044,0.00108447744483573,0.00449620918339853
TMUE_1000004699.1,1221.52215540025,1.11897213772752,0.188096635715494,7.77674780461939e-10,9.20562422792711e-09
TMUE_1000004722.1,40.6915239108608,1.42556376972725,0.440244024546491,0.000191910614628254,0.000958392849953689
TMUE_1000004785.1,3837.91946721897,2.29499129019166,0.144952578051973,2.15903727925817e-57,2.71851693957618e-55
TMUE_1000004787.1,9295.74822782074,1.13519847794702,0.2064971438571,1.04185257063795e-08,1.07014989655593e-07
TMUE_1000004788.1,100.563572460048,1.53950773018734,0.305757489279303,8.060458536271e-08,7.33856863389565e-07
TMUE_1000004793.1,91.7875207451835,1.62687405214529,0.441590546186556,3.05583979426098e-05,0.000182471748133037
TMUE_1000004816.1,368.784623660797,1.11672102313368,0.172108122931203,2.59239065334906e-11,3.68816004783851e-10
TMUE_1000004817.1,164.795477648122,1.14443091084854,0.260588140557961,2.81332031811451e-06,2.0110775684832e-05
TMUE_1000004865.1,2718.92144354071,2.15136769592391,0.182803246356982,5.95138738083369e-33,3.23702842200379e-31
TMUE_1000004871.1,373.069543557712,1.23733781375407,0.368049650323787,0.000158774063845881,0.000809616088953917
TMUE_1000004871.2,360.828449603788,2.1201293527764,0.23619562840625,2.95695899506868e-20,8.51977140362941e-19
TMUE_1000004885.1,19.0032372781173,3.82507385965578,0.709742895785354,5.73533564898376e-09,6.1305984199799e-08
TMUE_1000004886.1,17.6801025432978,2.34207798708092,1.14534477994494,0.00185643243869615,0.0072546948013661
TMUE_1000004921.1,681.396565756291,1.29412670403783,0.140825368095253,8.87804461552124e-21,2.64867185535075e-19
TMUE_1000004928.1,508.514720934631,1.96787189651802,0.235970175872744,8.37114783048009e-18,2.12818799614002e-16
TMUE_1000004995.2,1950.94992598435,2.35291597472652,0.282160827862773,6.52237396938924e-18,1.67414578081065e-16
TMUE_1000005009.1,2786.6800690529,2.95050625794991,0.179161689570283,4.81662061789525e-62,6.75636669304939e-60
TMUE_1000005058.1,130.504576445957,1.28287809599637,0.402147625004392,0.000261439634622263,0.00126610575325397
TMUE_1000005097.1,11287.9210477132,1.9377858910864,0.153324274055414,1.58729603463986e-37,1.0072401146796e-35
TMUE_1000005163.1,2052.69910233539,1.11225681180366,0.146843649346111,1.04503111120944e-14,2.04792800237133e-13
TMUE_1000005174.1,216.487437622328,1.29346346475757,0.303738960394595,4.29961988432356e-06,2.97899573527808e-05
TMUE_1000005243.1,206.395358097625,1.11095100879214,0.355647169801221,0.000431899854650571,0.00199034886908279
TMUE_1000005286.1,767.170724472019,1.40474648685209,0.264039247719659,1.78291524123994e-08,1.77304711583756e-07
TMUE_1000005300.1,809.138450306959,1.36018981487654,0.179664889414213,7.38758330737612e-15,1.46569286188898e-13
TMUE_1000005334.2,51.2679645452652,10.5919064362324,3.78458469812427,5.91902087596839e-06,4.0225696059333e-05
TMUE_1000005352.3,939.767156000936,1.88239876266061,0.314432020625249,2.4645726286671e-10,3.08380132277117e-09
TMUE_1000005352.4,1419.1982228393,1.18523897980186,0.216976306776952,1.18605988334927e-08,1.21112922060269e-07
TMUE_1000005358.1,361.477176265973,1.06534996104338,0.372610881134043,0.00112934968010827,0.00467110709149691
TMUE_1000005359.1,93.5586660151396,2.19867609083335,0.388416801487643,1.63942711879727e-09,1.87257707547766e-08
TMUE_1000005365.1,392.063003366917,1.69157925728055,0.466649765287078,3.36152466518578e-05,0.000199236993776819
TMUE_1000005367.1,211.364591148808,1.51815717085345,0.311449946002086,1.66928150569465e-07,1.46345836390149e-06
TMUE_1000005383.1,16840.5358902527,1.42095437853407,0.107142544712371,7.78164314864237e-41,5.41027198217131e-39
TMUE_1000005384.1,10500.7311206929,1.76642127745942,0.119424646831472,2.62069198777055e-50,2.71625446086327e-48
TMUE_1000005399.1,17706.2306291577,5.34976213720991,0.173076758851032,1.5823637205655e-210,8.43452608518765e-207
TMUE_1000005411.1,7128.43025426282,2.46007234239782,0.26416989475254,2.06907589124343e-21,6.39972777115545e-20
TMUE_1000005428.1,235.264802798133,1.36274373596091,0.186339699264,5.9442503016013e-14,1.09007461666177e-12
TMUE_1000005432.1,40.4924311711285,10.2244311062826,3.72309785476189,8.2217848959731e-06,5.44633646526536e-05
TMUE_1000005434.2,1534.08181491532,6.55734411446285,1.54655868086984,4.52473609547983e-07,3.68594268480988e-06
TMUE_1000005455.1,356.008160521114,1.74414854748122,0.196409705018426,8.55664738709319e-20,2.40473371471014e-18
TMUE_1000005469.1,703.230786075579,4.22119695391963,0.340447542028324,2.04033614567477e-36,1.26461299633664e-34
TMUE_1000005471.1,45.5929909349648,1.62472091417987,0.469530629990054,6.12158825852732e-05,0.000342393556635573
TMUE_1000005474.1,219.316531343701,1.55515419774968,0.369523991403748,3.83400008575554e-06,2.6767494673374e-05
TMUE_1000005476.1,118.696258579927,1.33127864759062,0.393581833293498,0.000127259922037418,0.000663339120525732
TMUE_1000005487.1,649.36786994357,1.11659064494725,0.333184315345497,0.00020341385923457,0.00101018354752174
TMUE_1000005497.1,906.310475547059,1.10184333775945,0.180369982788895,2.98385961912725e-10,3.69024742223232e-09
TMUE_1000005544.1,55.0094751920529,1.34288817576508,0.543493455463994,0.0020891495762324,0.00807336657166078
TMUE_1000005556.1,336.816065719987,2.1938742218499,0.195746927380592,3.74707121838066e-30,1.83801889120016e-28
TMUE_1000005613.1,467.571370722167,1.33017570832505,0.391971238535124,0.000126616723006383,0.000660380958119723
TMUE_1000005653.1,70188.3651127276,1.86276180234948,0.0996038423575291,7.33632704513913e-79,1.44833587381259e-76
TMUE_1000005658.1,36.3923570716059,1.37546803403783,0.509612123892243,0.00101865816559887,0.00426088483549347
TMUE_1000005659.1,2849.88358597811,1.34963230032364,0.343832337950795,1.62565036115984e-05,0.000102659413078626
TMUE_1000005665.1,841.640831305752,1.49101580147455,0.214794456859849,7.02500083158825e-13,1.17384313790938e-11
TMUE_1000005673.1,763.11459507176,1.1196054537969,0.221555986782188,1.23171362694485e-07,1.09606747960351e-06
TMUE_1000005690.1,73243.8889238949,1.61016831238838,0.115785611679683,1.5239426843994e-44,1.25615296217684e-42
TMUE_1000005691.1,1687.98078713591,1.06280756160579,0.149377581986909,3.55621145424451e-13,6.08207244543572e-12
TMUE_1000005710.1,31.6913141326519,1.43890877080383,0.534095584858542,0.00104316484749445,0.00434747174258112
TMUE_1000005712.1,140.415382585073,1.3812626720122,0.336270936998051,6.54772651142837e-06,4.41419454655359e-05
TMUE_1000005734.2,229.127842682383,1.73146312289396,0.3685701181019,3.27472564090704e-07,2.74599568556605e-06
TMUE_1000005798.1,2183.80148197942,1.36216592701986,0.184611047625695,3.27342058174365e-14,6.14381085946746e-13
TMUE_1000005804.1,749.52913563678,1.1545110898353,0.187249736003806,1.90753386862444e-10,2.44222370641901e-09
TMUE_1000005817.1,464.452525003057,1.11913915822659,0.124045359195023,5.4351926952934e-20,1.53903599578945e-18
TMUE_1000005825.1,581.816086678961,2.38248406239706,0.755034810776663,9.54654095566514e-05,0.000511762441910966
TMUE_1000005829.3,3561.73110441443,1.32461429309966,0.126246262083226,1.98381657044054e-26,8.17608525203988e-25
TMUE_1000005834.1,449.682338038374,2.07701569051763,0.254317270244231,3.48551164899468e-17,8.47064084788358e-16
TMUE_1000005838.1,743.072557108501,2.0645769542801,0.806498169278993,0.000697180213000146,0.00304773340242902
TMUE_1000005849.1,1549.30986344521,2.2207665065375,0.236802443338934,5.85977474150429e-22,1.87782881545882e-20
TMUE_1000005884.1,451.448915866933,3.67618770214154,1.38346179950262,0.000203040190035255,0.00100864109315122
TMUE_1000005885.1,34.6403509940708,2.52257020321876,0.606733494619508,2.47030879205303e-06,1.7834179635991e-05
TMUE_1000005897.1,1333.76423599392,1.04643652695958,0.198016498032426,3.97308632981349e-08,3.78176330357425e-07
TMUE_1000005897.2,1541.47100763636,3.14635395029255,0.944273475682592,3.61002468328589e-05,0.000213175423598318
TMUE_1000005926.1,40.762086419778,1.49504125911661,0.374510524507887,9.6655785710393e-06,6.30866395630569e-05
TMUE_1000005943.1,31.6900691319531,2.10732018518839,0.818877537829771,0.000675117158323646,0.00296099793712381
TMUE_1000005964.2,3588.29383693561,1.81780517731885,0.33277185771518,6.84986107521193e-09,7.24445294006045e-08
TMUE_1000005979.1,127.612777187791,1.51547512404375,0.294859307354901,4.61836619307662e-08,4.36479277739292e-07
TMUE_1000005988.1,6588.21052084514,1.11231578323666,0.294878463092495,4.37809190750848e-05,0.000252926545133555
TMUE_2000006067.1,52.9724935823275,1.71031007936925,0.397753538074857,2.24594062046442e-06,1.63621122833014e-05
TMUE_2000006123.1,1545.45453385601,1.27971731907478,0.248421752234953,5.58311976411282e-08,5.21188955913182e-07
TMUE_2000006137.1,1655.66929271429,1.40668156416365,0.183600687671311,3.67141688345286e-15,7.45046032782928e-14
TMUE_2000006151.1,93.5569461823124,1.26317447249185,0.327614974698398,2.5036230935304e-05,0.000152168137167026
TMUE_2000006156.1,65.550070714071,2.33558627376346,0.515411402952869,3.73744011677599e-07,3.09184712402301e-06
TMUE_2000006192.1,53.5766429009026,2.99739686330467,0.895632615056868,3.99976113399365e-05,0.000232751747793641
TMUE_2000006198.1,1249.27463025496,1.06405716482701,0.159750459957661,8.69697853310989e-12,1.29172121541294e-10
TMUE_2000006210.1,5850.71620655505,1.25081476401532,0.114020374662826,1.30771877531176e-28,5.99189998166486e-27
TMUE_2000006231.1,1076.66224385132,1.32888439230618,0.154265665812113,1.63819868180596e-18,4.31572242516624e-17
TMUE_2000006261.1,1006.48732717533,1.01823555736286,0.0862229748046941,1.21298451829829e-32,6.5529849432797e-31
TMUE_2000006293.1,149.073158481589,2.7972685930168,0.592564022269502,1.53514252818249e-07,1.35166812355442e-06
TMUE_2000006294.1,24499.8975070386,2.30996613091417,0.121169533187091,5.22571833661416e-82,1.17696425240559e-79
TMUE_2000006321.1,489.340021283738,1.07585655270529,0.236072825302953,1.51764381663307e-06,1.13972912075901e-05
TMUE_2000006344.1,155.176292443208,2.07685514966733,0.265687654519547,5.48550286159059e-16,1.19670772523459e-14
TMUE_2000006354.3,1153.35421063301,1.33913893355429,0.187873437592603,2.21897412705577e-13,3.87799073942611e-12
TMUE_2000006381.1,93.459360097914,1.30795261406997,0.402801898065733,0.000215477465799917,0.00106381604063182
TMUE_2000006383.1,372.959754779136,1.48296425214614,0.219024868114537,2.44521962698641e-12,3.84101248085852e-11
TMUE_2000006390.1,556.693807454072,2.0806948176568,0.252991061494866,2.24385135076462e-17,5.54581560279398e-16
TMUE_2000006418.3,575.910855039158,1.0429221855173,0.24096780080688,4.53047060970056e-06,3.13080188071399e-05
TMUE_2000006427.1,253.956102889472,1.60216116185575,0.395658272201955,6.77677442640858e-06,4.55325209465125e-05
TMUE_2000006494.1,95.365183416804,1.01700888785452,0.374437533387364,0.00188176136668929,0.00733932829627523
TMUE_2000006511.1,7308.8905587019,1.06400837260468,0.125964423612798,9.95881871622143e-18,2.51980174194774e-16
TMUE_2000006539.1,113.103566035629,1.1029606597753,0.357196868562847,0.000528941667030716,0.00238262146408118
TMUE_2000006543.1,1082.29918212533,1.09263404265919,0.169461578642889,3.35014679097188e-11,4.69108558094846e-10
TMUE_2000006545.1,1403.00217292364,1.34054012183495,0.151819044983642,2.3681348936958e-19,6.50667441324563e-18
TMUE_2000006571.1,10397.4241291461,1.21264023956395,0.166639348706916,8.50243482983892e-14,1.5432739541879e-12
TMUE_2000006572.1,365.830104903231,2.70819396394389,0.211584965759279,9.38710953748434e-39,6.20286233941785e-37
TMUE_2000006574.1,4348.71800844219,1.56577380140251,0.12496666513759,8.77970159642412e-37,5.48422688392258e-35
TMUE_2000006592.1,198.282851039584,2.19941687421999,0.356858283914778,6.60511411555607e-11,8.92834994267601e-10
TMUE_2000006600.1,2078.87898831807,1.63284304541036,0.134091181389474,6.97789526367047e-35,4.01379579717102e-33
TMUE_2000006621.1,57.2591314231888,1.6122294618964,0.572560002674804,0.000545363487880811,0.00244900520491493
TMUE_2000006623.1,72.3870663012479,1.02172133515874,0.388143741168998,0.00239475935429377,0.00912750844935981
TMUE_2000006651.1,83639.8096665007,2.18442683807494,0.0988096405120991,4.99015310366979e-109,2.15669022380496e-106
TMUE_2000006664.1,1379.31394785045,1.44736711027376,0.153961963437472,1.05206115515604e-21,3.30520823813366e-20
TMUE_2000006684.1,948.966471012033,1.43522114090391,0.150692044301283,2.90940770802651e-22,9.51417968487769e-21
TMUE_2000006709.1,530.672769596445,1.12398741096643,0.167248482936742,4.78426246504781e-12,7.32807864737351e-11
TMUE_2000006719.1,326.639772611378,1.59815695956578,0.224303642764023,1.72707411044895e-13,3.03490572529551e-12
TMUE_2000006779.1,362.739132666493,1.03770604344533,0.371168972709589,0.0014091428141825,0.00568312805588709
TMUE_2000006802.1,552.787782873595,4.49878125493303,0.375527044447896,1.24999037515209e-34,7.01354248738847e-33
TMUE_2000006806.1,123.808847026931,1.3760408274311,0.232004876667703,5.71087515177745e-10,6.8922720416659e-09
TMUE_2000006857.1,54.6025188349347,1.8797119449619,0.641659174982155,0.000302700452758334,0.00144794583908421
TMUE_2000006858.1,25838.103584617,2.18927320826761,0.115475312430716,6.51509198061296e-81,1.40787616029705e-78
TMUE_2000006859.1,30825.4076432757,1.67255604234017,0.155535854246133,1.47562055233217e-27,6.42960442843154e-26
TMUE_2000006865.1,696.366062864684,1.4158989493603,0.195717843163792,9.47958147373725e-14,1.71479623695172e-12
TMUE_2000006867.4,2062.66301728844,1.29279828025815,0.26295717366153,1.91574630636135e-07,1.66402494215233e-06
TMUE_2000006871.4,256.811587503764,9.55630664934759,3.03104718029542,1.44839933457346e-05,9.22028413979464e-05
TMUE_2000006912.1,299.705421145035,1.71806062250643,0.270248942574295,2.97104747366468e-11,4.1932939233338e-10
TMUE_2000006930.1,210.229516650109,1.37135410696659,0.268284021924398,5.82156705791903e-08,5.42498128340229e-07
TMUE_2000006953.3,472.258737209603,1.05003899925951,0.319646910726061,0.000292759688044428,0.00140207252815767
TMUE_2000006958.1,181.312973679572,1.48739290728716,0.413893814553135,4.85171414192079e-05,0.000277952357040737
TMUE_2000006974.2,1955.5197417025,1.82959547842208,0.240526519209191,3.12211732395172e-15,6.39254521476466e-14
TMUE_2000006999.1,1208.68316674029,2.16045619299398,0.4015908288477,6.94730472110418e-09,7.34265365467131e-08
TMUE_2000007023.1,1240.20788258823,4.47656732561901,0.224335211862953,3.0127023818539e-90,9.08983467702373e-88
TMUE_2000007052.1,492.85244896932,1.54989297827723,0.236791557127106,9.75010028527267e-12,1.44097831480402e-10
TMUE_2000007058.1,1109.29838532583,4.35144437077143,0.186477904281762,1.42038720688289e-122,8.11193279473727e-120
TMUE_2000007076.1,182.956518534577,1.01533637052798,0.193937133427986,5.17764329167627e-08,4.86461186117481e-07
TMUE_2000007136.1,59.7266995905779,2.09919553900229,0.595673884751546,3.65101385066049e-05,0.000215198534780361
TMUE_2000007144.1,1468.49556138441,1.23086254571992,0.314933139363496,2.19024100282615e-05,0.000134449688584234
TMUE_2000007173.1,4521.79207155093,1.83200804830787,0.207938291254102,1.49509717039089e-19,4.17244308057953e-18
TMUE_2000007181.2,654.074096769845,2.94454386672659,0.512239956909177,5.47380764947484e-10,6.61115242618974e-09
TMUE_2000007182.2,448.390536151006,1.61277227506614,0.489179567338006,0.000123010518539082,0.000644304357012269
TMUE_2000007193.1,364.01324375101,2.03921897666403,0.304084199005336,1.67421371180502e-12,2.71379970880077e-11
TMUE_2000007219.1,103.823108643069,2.03487416889598,0.977418352727649,0.00208347014434779,0.00805920925937722
TMUE_2000007226.3,1134.3154205563,1.32729298484632,0.447048000619153,0.000551517920537046,0.00247247632949479
TMUE_2000007241.2,524.850911591481,1.13912844884749,0.428110663720321,0.00181094135460983,0.00709599686389754
TMUE_2000007241.3,315.771495778651,2.42744533325619,0.850111726130763,0.000231918197242748,0.0011362144277294
TMUE_2000007300.1,78.8154788063345,1.51351978077031,0.56366469339243,0.000955932124799584,0.00402589165332372
TMUE_2000007327.1,4923.8365369056,2.10685093012319,0.282677811226892,8.9435612186216e-15,1.76563564749355e-13
TMUE_2000007328.1,2725.1688488293,2.76682545589833,0.48883154159062,9.83963021163907e-10,1.15018659878889e-08
TMUE_2000007329.1,8975.17157614455,2.99923840868157,0.280094583970495,9.57972449203154e-28,4.19696916033086e-26
TMUE_2000007331.1,408.28501526101,1.948684361869,0.578873912123918,6.77103603597646e-05,0.000375435635406725
TMUE_2000007339.1,139.547714029876,2.46961955321204,0.439600373813795,1.43056406595031e-09,1.64104375743267e-08
TMUE_2000007353.1,700.599147241924,1.40777331209935,0.256892239542659,8.01378482200281e-09,8.39216981589044e-08
TMUE_2000007362.1,173.684438448991,4.74969340288149,0.681597698811382,1.98134916721626e-13,3.47029074840692e-12
TMUE_2000007383.1,1543.82393016769,4.27478025763809,0.295822406305225,9.56206498062402e-49,9.21126392199752e-47
TMUE_2000007419.1,16430.6700825921,1.3068307188791,0.296538043481982,2.64725918031831e-06,1.90514498435959e-05
TMUE_2000007454.1,303.262081574293,1.58386339694434,0.549705420204108,0.000470539750668527,0.00214248324400354
TMUE_2000007463.1,739.524069952109,1.48502860985431,0.190160859868122,1.07724536406159e-15,2.29072215647724e-14
TMUE_2000007464.1,2273.82134605395,1.17088422912974,0.24997343524295,6.97584350311902e-07,5.50052827704025e-06
TMUE_2000007471.1,2871.16907216981,1.31956887524105,0.142027585623608,3.4443362054761e-21,1.05111412713298e-19
TMUE_2000007475.1,1157.30627842637,1.22071304019545,0.185107631654468,1.0958368030099e-11,1.60471852719151e-10
TMUE_2000007479.1,11646.2984550941,2.25842960635994,0.159686410205265,2.58694462283295e-46,2.23609899803901e-44
TMUE_2000007503.1,22.6285693345564,2.19822081849776,0.812874573071992,0.00044884995013917,0.00206035466405203
TMUE_2000007513.1,848.480161606953,1.3857325086581,0.203882923544382,2.14139883241956e-12,3.40727450042001e-11
TMUE_2000007546.1,370.39858436443,1.31376829753215,0.198977307384735,8.82920694125304e-12,1.30972029867883e-10
TMUE_2000007584.1,1811.90931069468,1.27922614029531,0.124318902380951,1.90283774806145e-25,7.31449000703141e-24
TMUE_2000007621.1,7667.82256613886,1.3059018250396,0.159860923629219,3.79538543669795e-17,9.18184697704039e-16
TMUE_2000007630.1,539.104128434615,1.10707069928131,0.1363875540392,1.42603337202026e-16,3.32900724846364e-15
TMUE_2000007650.1,205.148172943548,1.17558996213928,0.251704014029595,7.30918206652889e-07,5.74919480697803e-06
TMUE_2000007705.1,355.561504011306,1.3934160236099,0.326902851466747,3.63010342142829e-06,2.54600806193244e-05
TMUE_2000007733.1,213.044928290186,1.12609241808033,0.357378323672464,0.000414877515809801,0.00192131663924545
TMUE_2000007771.3,1215.93661834812,1.57909549589286,0.215687475020076,3.84454577621347e-14,7.17364428324733e-13
TMUE_2000007796.1,17649.7586329674,2.96356482259482,0.275673257189086,7.39216150715615e-28,3.27446134794831e-26
TMUE_2000007826.1,1947.03660549107,2.87620042093285,0.183510373767493,1.88760297723837e-56,2.32189686223221e-54
TMUE_2000007829.1,785.690894877149,1.1608736027697,0.183667021262879,7.10247831544968e-11,9.57636852802325e-10
TMUE_2000007841.2,3962.01715521818,1.49483471224164,0.125919369383941,2.97885192275521e-33,1.6313294896157e-31
TMUE_2000007845.1,60.8133192735886,1.47362838960574,0.448966249598941,0.000146033376226394,0.000753379882002471
TMUE_2000007848.1,664.653160781602,1.46097013185601,0.170972932591746,2.33458409745836e-18,6.07029826056206e-17
TMUE_2000007857.1,382.741747867533,1.59752122720316,0.291403978937574,6.32973451807812e-09,6.7255006430955e-08
TMUE_2000007866.1,312.692829658857,1.07427252750324,0.31511218149942,0.00018187488654131,0.000913717031317023
TMUE_2000007870.1,165.63173127573,1.66348704677663,0.345025778397027,1.92295591097128e-07,1.66847465937828e-06
TMUE_2000007887.1,169.908779366291,1.421516957493,0.30321775356019,5.20408457140322e-07,4.20295537279338e-06
TMUE_2000007946.1,512.068104813323,1.39837630739049,0.244617631208536,1.99627464715646e-09,2.25122904673336e-08
TMUE_2000007954.1,9640.2716771128,1.35882855393518,0.15458298428395,2.01785505913774e-19,5.57297413655813e-18
TMUE_2000007955.1,164.850653848637,1.07785107967771,0.41384140449384,0.00228073456949892,0.0087398098492349
TMUE_2000007962.1,3592.82555671963,1.95969330538454,0.20364873093242,6.96832583605058e-23,2.35173102229041e-21
TMUE_2000007962.2,936.365234832153,1.83806520293411,0.190086345756667,4.67150996325141e-23,1.59619905603319e-21
TMUE_2000007979.1,149.713353699222,2.07878384309629,0.20116369857008,4.96002386789578e-26,2.00292276948286e-24
TMUE_2000007985.1,188.971931341354,1.25432710207494,0.330061331273986,2.93574225072072e-05,0.000175957475004779
TMUE_2000007986.1,847.114376536638,1.0858281756219,0.161616954379172,5.71755986496069e-12,8.69101709131049e-11
TMUE_2000007994.1,183.249208343631,1.62062824268552,0.469010260540697,6.95477095439009e-05,0.000384025353355152
TMUE_2000008007.1,514.044684701436,1.50798765621847,0.117052540193994,1.25400897976995e-38,8.25220477181125e-37
TMUE_2000008020.1,2095.1232767463,3.48717394124381,0.167352464724987,1.11450136514083e-97,3.79191304892915e-95
TMUE_2000008021.3,246.157078213185,1.30180562530372,0.284597825637545,1.00597486671465e-06,7.75628934119287e-06
TMUE_2000008035.1,4343.14388506768,1.51603535355714,0.179343900811061,5.17455904323833e-18,1.33032755081068e-16
TMUE_2000008039.1,76.0977695659235,1.11745877473938,0.398125311798945,0.00122611967079854,0.00502482820495628
TMUE_2000008040.1,489.889637660228,1.42757591497228,0.260936618721665,8.06587413975491e-09,8.44119066549874e-08
TMUE_2000008048.2,333.359905085422,1.79722973796646,0.511328513074687,4.5214262724395e-05,0.000260642132381327
TMUE_2000008049.1,511.183635331139,1.18637913474394,0.200788483372357,9.3706243285563e-10,1.09938117122483e-08
TMUE_2000008075.1,555.647434218767,1.39185893604515,0.320581153254949,2.69671425162391e-06,1.93637887731109e-05
TMUE_2000008085.2,2645.92765285159,1.32760985190552,0.1753133260482,6.8068312381079e-15,1.3534737973709e-13
TMUE_2000008128.1,306.90538933965,1.57928477994463,0.341699352636749,5.74923870252656e-07,4.60140520981493e-06
TMUE_2000008158.1,97.9626466863922,1.35236833705226,0.407807614030964,0.000154530742810133,0.00078948917197343
TMUE_2000008164.2,5115.74387199582,1.07420784641006,0.330742049782376,0.000399282018295159,0.00185662074863562
TMUE_2000008191.1,70.9605735701992,1.60839413773416,0.554224235046007,0.000411942145177028,0.00190938169377561
TMUE_2000008215.1,189.495774534165,1.64401780532495,0.429574184627858,1.72495228766385e-05,0.000108256326656329
TMUE_2000008284.1,784.940955789979,1.54576227604749,0.143640662008166,1.00209449928175e-27,4.37827681366515e-26
TMUE_2000008299.1,137.794092422499,1.82575197850029,0.467315553167808,1.0332711637959e-05,6.70577888809263e-05
TMUE_2000008310.1,578.015031322764,1.16777640328286,0.197762003162185,9.47985376453936e-10,1.11056660475274e-08
TMUE_2000008351.1,235.807241483732,1.17606973593441,0.323879501762536,6.68767086077659e-05,0.000371293605897042
TMUE_2000008386.1,50.5682065955518,1.96606296857536,0.568709304427182,4.37971461625426e-05,0.000252928914512538
TMUE_2000008389.1,844.951814248873,1.10228064313726,0.242216692715538,1.46743091717668e-06,1.10641358249624e-05
TMUE_2000008390.1,6290.1855729281,1.10731549030431,0.074833071986554,4.66245159756277e-50,4.65982896853914e-48
TMUE_2000008391.1,385.615499409576,1.8525612792496,0.189643802232129,2.18757815262819e-23,7.60468744319074e-22
TMUE_2000008426.1,120.199887131903,2.00999683001156,0.28702430618169,2.4163518404249e-13,4.20913750329352e-12
TMUE_2000008449.3,236.409776856196,2.62507668277378,1.16958750254348,0.000908657164638801,0.00384502162469941
TMUE_2000008452.1,95.7214834244514,1.0088750452485,0.351420144806953,0.00114643163037703,0.00473465604373943
TMUE_2000008455.1,2105.9017178572,1.08721217161534,0.255464727096241,5.65903713038046e-06,3.85243349305721e-05
TMUE_2000008505.1,6929.39800601678,1.102685457316,0.293938160099671,4.81996023961116e-05,0.000276357060565156
TMUE_2000008512.2,1380.18333140123,1.11340026554464,0.333734794741252,0.000218578238805285,0.00107712931178284
TMUE_2000008512.4,303.018517222538,1.35577148350794,0.33885414869162,1.26853819225936e-05,8.1401260964765e-05
TMUE_2000008521.1,9572.08317494116,4.5189713891918,0.29238285767484,4.77278489968525e-55,5.49076282955876e-53
TMUE_2000008526.1,169.654305000991,1.81946810574763,0.325164139110304,2.64912947010446e-09,2.94591302895969e-08
TMUE_2000008547.1,98.8055427701256,1.26373679431175,0.379432732135983,0.000179958530062257,0.000904942406989169
TMUE_2000008559.2,577.860333011829,1.28275515914536,0.372434419861399,0.000112494439136388,0.000593695899745866
TMUE_2000008564.3,186.226893476499,6.13763566167728,1.19758908855487,1.14974184641228e-08,1.17479372945552e-07
TMUE_2000008567.1,6378.05562141661,1.04567473643681,0.0996114921453627,2.83201157880879e-26,1.15822754876551e-24
TMUE_2000008578.1,1399.08699375438,3.21820093053478,0.220514260013687,2.04132986746882e-49,1.99042109211548e-47
TMUE_2000008598.1,2216.5937711604,1.06138366874445,0.302538688159616,0.00012857905643943,0.00066974191906284
TMUE_2000008614.2,38170.1456835038,1.07544749303394,0.180418327202399,1.16930490431152e-09,1.355935803107e-08
TMUE_2000008622.1,1830.72150226114,1.0281957190311,0.106204939829619,1.28402910550746e-22,4.29558774606062e-21
TMUE_2000008632.1,720.989840338878,1.46815707830368,0.251618101440619,8.99826081318536e-10,1.06036248094066e-08
TMUE_2000008675.1,850.021758526333,2.40601795452984,0.330049818498853,2.88178238445796e-14,5.43028940862458e-13
TMUE_2000008704.1,959.736419229068,6.14139359396458,0.175734162101951,3.9531419523424e-266,3.16073464799537e-262
TMUE_2000008711.1,1347.84951405164,1.06993475232083,0.155240143538596,1.75563500242252e-12,2.83293232328341e-11
TMUE_2000008744.1,792.19736293874,2.35689686988562,0.322921720428893,2.7671613753692e-14,5.23664823118685e-13
TMUE_2000008745.1,64.6239106405901,1.04396847409614,0.334699027374507,0.000539219945615401,0.00242414004788751
TMUE_2000008756.1,38.9313472655842,1.67338158058277,0.648127075298847,0.00102101812296475,0.00426740742402753
TMUE_2000008772.1,15.5222331918551,3.84369497664294,1.34401873912393,0.000148685637160693,0.000765989698400979
TMUE_2000008785.1,167.501278463633,2.73880058753977,0.285741381790329,6.98976554137219e-23,2.35312296362279e-21
TMUE_2000008809.2,450.94639617939,2.03761104403203,0.254106984644092,1.0825611278551e-16,2.54951914514446e-15
TMUE_2000008826.1,128.624385929364,1.03457096677047,0.297424257988516,0.000153473924402661,0.000785093258196721
TMUE_2000008832.1,168.009502082716,1.17538335531476,0.17171685245204,1.86844382481413e-12,3.00284273392993e-11
TMUE_2000008836.1,272.70766145477,1.94081137416972,0.22758836171831,1.94030602174481e-18,5.07813970437337e-17
TMUE_2000008872.1,242.828850606857,1.29422674897514,0.299655068084317,3.20865001704926e-06,2.2693287228056e-05
TMUE_2000008878.1,5136.96967527008,4.8672446477629,0.355821519633689,5.95195401625797e-44,4.73520878975031e-42
TMUE_2000008882.1,853.539822452606,1.20178320147781,0.159946778717373,1.52780840355591e-14,2.96135565833485e-13
TMUE_2000008892.1,7997.55472243303,10.781081921397,1.6243877193262,6.18230793055516e-13,1.03736921424457e-11
TMUE_2000008892.2,203.467294161112,1.88534107496007,0.436152321042833,1.61257205703147e-06,1.20217434797158e-05
TMUE_2000008912.1,109.661083488342,1.96086158325882,0.329526870970621,3.07307732796344e-10,3.79471656768057e-09
TMUE_2000008928.1,463.03259270417,1.11024089011344,0.191841888123269,2.07012173703403e-09,2.32957893715069e-08
TMUE_2000008947.1,46.1520138657916,3.5891858611407,0.89307615849933,2.96499365720777e-06,2.10538248545335e-05
TMUE_2000008955.1,19637.6413397544,1.40864870202602,0.15682792727973,3.51570818264687e-20,1.00392302765547e-18
TMUE_2000009003.1,449.327821429534,1.29431983546028,0.277100349132184,6.07886419038423e-07,4.84581840819712e-06
TMUE_2000009011.1,81.8270242798753,4.65659162284179,1.56244200546448,4.63573361951962e-05,0.000266750688412156
TMUE_2000009018.1,1825.16912756857,1.00822741763463,0.163483853033429,2.26718597490385e-10,2.8595963963023e-09
TMUE_2000009058.1,734.057253697704,1.14513633904388,0.203008960377237,4.72002993554772e-09,5.09986477698268e-08
TMUE_2000009069.1,4272.90713699021,1.32001293688341,0.225326570618609,9.38371459910462e-10,1.10010982517802e-08
TMUE_2000009112.1,643.113472798534,1.7594014604827,0.13713383127175,1.46548893841388e-38,9.60435803859686e-37
TMUE_2000009117.1,329.577925349537,1.18184432693287,0.241686596420798,2.35112928365274e-07,2.01376049142426e-06
TMUE_2000009127.1,678.995008089661,1.02024462415693,0.283459173130838,9.89398122201607e-05,0.000528439057185234
TMUE_2000009141.1,13260.2245643409,2.03230442776962,0.206681234533018,8.41749334504881e-24,2.96484881234968e-22
TMUE_2000009159.1,84.5734940165157,1.47667890281767,0.508290194990843,0.000493537787130649,0.00223764183555606
TMUE_2000009188.1,2832.46973254474,1.0313742010999,0.0959957900096978,2.09636828507237e-27,9.0848306901334e-26
TMUE_2000009191.1,421.802490760851,1.20873162808795,0.176245433920389,1.66578465945245e-12,2.70706935866912e-11
TMUE_2000009215.1,16574.2616759797,1.39523736182885,0.127561974500183,1.8353903261581e-28,8.33799054136197e-27
TMUE_2000009218.1,6541.94088618263,3.79457552451688,0.281118608870368,1.14965146071174e-42,8.75432214678163e-41
TMUE_2000009219.1,55.8500305348692,2.71741077664153,0.55245881370747,4.49083270102614e-08,4.24928436225497e-07
TMUE_2000009221.4,1197.27519593729,1.08813946726795,0.321837733762997,0.000194291058237053,0.000969394169194608
TMUE_2000009249.1,98.9871479986631,1.91683809865884,0.557052911116397,5.45869276251933e-05,0.000308881655928686
TMUE_2000009253.1,2071.98662649187,1.16530895640491,0.200964028878424,1.77992870531555e-09,2.02150851752138e-08
TMUE_2000009256.1,21709.4218056524,1.66486748172407,0.302487857119901,8.7984841987483e-09,9.14802085969987e-08
TMUE_2000009269.4,2631.20104711656,1.27337064510069,0.186285894842294,1.92543940619012e-12,3.08514043530924e-11
TMUE_2000009274.1,956.904572385942,2.59610625704087,0.20162663258033,5.70251204260852e-39,3.78377054246278e-37
TMUE_2000009275.1,349.177962202876,1.15268121515398,0.241231552972109,4.48495977108977e-07,3.65913222956615e-06
TMUE_2000009277.1,2652.30410537294,3.45814080539934,0.226926751452445,1.19901750211257e-53,1.33149228307515e-51
TMUE_2000009304.1,142.95418285555,1.35728944405407,0.468278522158546,0.000582878655037497,0.00259632662192329
TMUE_2000009336.1,836.08537416998,4.96699417695455,0.283047886259496,6.34335850197668e-70,1.04573861654752e-67
TMUE_2000009348.1,3195.07861925748,5.66801307832808,0.29566411460387,1.00152334029766e-83,2.50239995854684e-81
TMUE_2000009352.1,348.014614094741,5.97139528465083,0.443224114499948,6.98853270146514e-42,5.12631313895087e-40
TMUE_2000009353.1,274.883363514652,8.50242736179656,0.594374972409657,7.96695116900038e-47,7.07775089686028e-45
TMUE_2000009354.1,3983.75386982877,3.01624965673645,0.142447015120674,1.74276211384485e-100,6.05837151358544e-98
TMUE_2000009387.1,188.232002655558,1.04421766023531,0.290516079966355,9.63512703734229e-05,0.000515646976084808
TMUE_2000009393.1,479.597192517575,2.35400567357399,0.166408063172121,2.89176568493396e-46,2.48614113267629e-44
TMUE_2000009397.1,624.172458705445,1.52905309245967,0.23177576560633,6.50479007957567e-12,9.81302812853721e-11
TMUE_2000009406.1,201.929467157824,1.87354879530811,0.507311978261733,2.14527138187879e-05,0.000132044013347282
TMUE_2000009422.1,3310.01113015278,1.78443153932128,0.476866565748826,2.15935132090136e-05,0.000132655347570241
TMUE_2000009445.1,229.75797736147,2.30024928550377,0.322012992703213,9.55471114645644e-14,1.72643373946876e-12
TMUE_2000009498.1,128.634178955397,1.97061720938541,0.521161272547526,1.36108141066802e-05,8.69558643147915e-05
TMUE_2000009509.1,191.74533165605,1.22483840842581,0.273548235596036,1.65770164016168e-06,1.23524263410183e-05
TMUE_2000009523.1,490.447406294089,1.81683030501843,0.242921231391487,1.02482226466886e-14,2.01078930482451e-13
TMUE_2000009526.1,120.467215836245,1.61332723143236,0.705786950700625,0.00221962814134177,0.00853222923273948
TMUE_2000009545.1,1425.69845386692,2.30329072069537,0.30354718221353,2.76688194113725e-15,5.69436410820151e-14
TMUE_2000009564.1,240.208311053868,2.02440888480454,0.306403043776795,4.02995326493406e-12,6.23239677558613e-11
TMUE_2000009567.1,732.683619909902,1.12960431160867,0.164988730073555,2.02923755557197e-12,3.23847682147219e-11
TMUE_2000009569.1,593.150370701417,1.56398803576465,0.507078191522803,0.00026268666000572,0.00127060936020319
TMUE_2000009569.4,853.958424031361,1.13113755411022,0.293185077657113,3.00231209851561e-05,0.000179610822174946
TMUE_2000009581.1,126.889162931465,1.28488815404488,0.387904377289678,0.000189531951887577,0.000947126700823199
TMUE_2000009584.1,305.012719960413,1.79179552878491,0.336054205503197,1.18903824298762e-08,1.21339569518921e-07
TMUE_2000009708.1,79.4899828063033,1.49104671754579,0.509995234679021,0.000442148593095631,0.00203464695027115
TMUE_2000009719.1,370.214543404892,1.05888647163032,0.379431989337647,0.00137486747990929,0.00555610459217323
TMUE_2000009720.1,167.935471929187,1.20078584715692,0.482885090508695,0.00256408266971022,0.00971319642411255
TMUE_2000009730.2,450.989610311839,1.01168832646003,0.34979408572802,0.00112958358594325,0.00467110709149691
TMUE_2000009752.1,1117.46567176524,1.2414905809855,0.19704448360236,6.8752805966662e-11,9.27785755453917e-10
TMUE_2000009752.2,8046.19757240069,2.35095307906866,0.18196027349068,3.16779871332856e-39,2.11950917258732e-37
TMUE_2000009760.1,5102.20413413509,1.73094417744912,0.308494871577067,2.5800728699618e-09,2.87111658062346e-08
TMUE_2000009761.1,30965.337070987,1.35064254315901,0.373871056249302,7.57188221384062e-05,0.000415930626601978
TMUE_2000009910.1,288.695510882597,1.49738037185921,0.31550354397541,3.37377257349492e-07,2.81723223095338e-06
TMUE_2000009943.1,3389.65020388961,1.04250580703165,0.17200059990069,3.76588476186116e-10,4.6039956595506e-09
TMUE_2000009958.1,168.616559597493,1.87025033630342,0.413628080237953,6.95812060393841e-07,5.48926031463143e-06
TMUE_2000010053.1,21111.7491976423,4.98170628429081,0.260726988016694,2.29474899865609e-82,5.31816394746515e-80
TMUE_2000010055.1,109.052644508529,2.32901218840027,0.777604016290202,0.000166359258730744,0.000844792285285274
TMUE_2000010056.1,6681.71931246545,2.15368509254423,0.321648282655126,2.71996496849603e-12,4.25170672641448e-11
TMUE_2000010076.1,1784.07439034798,1.18752220089612,0.300095362485571,1.82140619557221e-05,0.000113552072021034
TMUE_2000010144.1,922.868376121462,1.23015204252105,0.316437089756366,2.25312313591211e-05,0.000138097708188465
TMUE_2000010174.1,803.711091866311,1.00802265790442,0.219493306587343,1.40104012757762e-06,1.05979340965438e-05
TMUE_2000010181.1,462.026267925612,1.17808209413932,0.380511180735775,0.000444760153359383,0.00204489925600054
TMUE_2000010197.1,437.106164994966,1.20973523095402,0.175668184103734,1.38285757233551e-12,2.25876153618153e-11
TMUE_2000010236.1,3191.01000508801,1.16385206857716,0.19395319548802,5.10378720762621e-10,6.1735749801173e-09
TMUE_2000010238.1,1975.35322970783,1.96104804796796,0.232562697858514,3.91474646390234e-18,1.0145982285942e-16
TMUE_2000010247.2,201.578637411506,1.0797714440701,0.335518002195433,0.000348608657759371,0.00164977835046762
TMUE_2000010259.1,425.149339349442,1.83159970271275,0.148208904499948,4.98316652484652e-36,3.04144335491682e-34
TMUE_2000010321.2,1290.07743677521,1.19118070131342,0.116341676775259,3.2592059268553e-25,1.23502279564794e-23
TMUE_2000010337.1,273.323322370158,2.50421879936071,0.276369252905988,7.92479811477495e-21,2.3686999374461e-19
TMUE_2000010395.1,268.626673676571,1.13811612692763,0.166290373006082,2.2204730550225e-12,3.52607593077108e-11
TMUE_2000010435.1,312.524634885163,1.72403681114217,0.302888157200563,1.72730158213446e-09,1.96452913228394e-08
TMUE_2000010472.1,1305.10760272323,1.08666117240966,0.143050208392885,9.02723973529495e-15,1.77776589417613e-13
TMUE_2000010505.1,365.905784265496,1.65972977153994,0.180841168681436,6.62984289663305e-21,1.99281612330938e-19
TMUE_2000010508.1,3051.92736812204,5.96057283054329,0.256087366732647,1.43859311541501e-120,7.66818083620045e-118
TMUE_2000010533.1,176.018714479689,1.3329532586591,0.281283428345535,4.25916501337901e-07,3.48915510906474e-06
TMUE_2000010559.1,181.13363029824,2.09322191828952,0.333693369999076,3.67525152381663e-11,5.12835489680208e-10
TMUE_2000010560.1,50.1520489774644,2.05422190321027,0.705668835381793,0.000253055135012538,0.0012303449875298
TMUE_2000010600.1,162.082884390282,1.22725735806107,0.427448244136018,0.000845302075911196,0.00360555494689142
TMUE_2000010605.1,10191.1445427225,1.42559440101192,0.125561500533637,1.41262717577331e-30,7.14851935689589e-29
TMUE_2000010614.1,1101.14705414624,1.12491785074852,0.138048290577721,1.05955632875579e-16,2.49902142376605e-15
TMUE_2000010639.1,15210.0581122261,2.18738163690702,0.286300837928321,4.20347179612763e-15,8.47638303806772e-14
TMUE_2000010657.1,8038.58219872864,5.23749543737806,0.303835695828417,5.16910481485597e-68,8.025160688773e-66
TMUE_3000010739.1,5303.5906539145,1.09403732696654,0.330630633063844,0.000271109552619953,0.00130778668354319
TMUE_3000010740.1,1402.91323751247,1.01060236397588,0.26001642194579,3.00902773785488e-05,0.000179945260119811
TMUE_3000010773.1,856.003890405167,1.27609918879546,0.281841318978214,1.33443251446068e-06,1.01276271185291e-05
TMUE_3000010788.1,493.664112348297,1.17512984040927,0.163328326877593,1.71973317253754e-13,3.02533038086334e-12
TMUE_3000010825.1,2832.69687239021,1.07658974014205,0.101427555186159,8.54590526860303e-27,3.57742332854008e-25
TMUE_3000010839.3,532.463744132809,1.43488836862001,0.118155172156917,1.22259766449105e-34,6.90832482433792e-33
TMUE_3000010856.2,1360.65136246058,1.30625252604399,0.205255222484032,4.23234442940389e-11,5.84279053163985e-10
TMUE_3000010866.1,2058.69032094656,1.06591838332018,0.175755757300477,4.14075466370714e-10,5.05842687756615e-09
TMUE_3000010872.1,128.387850758997,1.01669911923781,0.278989099016453,8.26085103778293e-05,0.000449164464281492
TMUE_3000010881.1,212.622670576252,1.79811472162763,0.583875498373789,0.00020046031518972,0.000997374268885755
TMUE_3000010884.1,498.019038636423,2.09128612422168,0.215637956868291,3.14759084091007e-23,1.08476562795243e-21
TMUE_3000010886.1,12.8107895742727,3.47076579121786,1.48002145166552,0.000567881699485427,0.00253588278594568
TMUE_3000010892.1,198.724067744948,1.96646473267925,0.858996938791084,0.00143375010528934,0.00576927476942169
TMUE_3000010894.1,122.901445460832,1.59711842770934,0.337017744945324,3.31726141192673e-07,2.78020583009016e-06
TMUE_3000010906.1,146.747922986504,4.46905394651833,0.690295105779911,6.00696374953237e-12,9.08773484567380e-11
TMUE_3000010912.1,692.907638850661,1.040553702072,0.174427646284018,7.77737373017918e-10,9.20562422792711e-09
TMUE_3000010925.1,3446.04186660002,1.98490160089251,0.287865172291409,5.88391974653593e-13,9.92508023911984e-12
TMUE_3000010941.2,3153.11734370843,1.06025938350124,0.24110285624554,2.77763911946811e-06,1.98734797133846e-05
TMUE_3000010962.4,828.144195625843,1.0012515675982,0.234841758777701,6.64930983983397e-06,4.47324836553576e-05
TMUE_3000011002.1,4755.7018916213,1.00379336215959,0.227402159752113,2.90402737091684e-06,2.06852123333323e-05
TMUE_3000011025.1,359.847362003479,1.10669090823822,0.215357057210878,8.06320123178955e-08,7.33856863389565e-07
TMUE_3000011030.1,63.9503373849572,1.23380514971513,0.42862880170448,0.000767039772507865,0.00331058920436526
TMUE_3000011031.1,1298.86201054406,1.61474200916069,0.169854982179663,2.85402304084698e-22,9.37139269942176e-21
TMUE_3000011055.1,324.972304875783,3.12146788998169,0.430748171503817,2.62434319710874e-14,4.97815801482395e-13
TMUE_3000011063.1,75.6996606986877,1.06760335409657,0.315815714836203,0.000208133209626015,0.00103073959589025
TMUE_3000011081.1,622.683429066301,3.35185745505177,0.422552394682082,1.32419984722802e-16,3.10033378580136e-15
TMUE_3000011093.1,2043.87118368867,1.14410109172947,0.1223270797729,2.46095184997052e-21,7.58248189458161e-20
TMUE_3000011094.1,1971.55390666408,1.57115768187827,0.231964399115046,2.01494459129423e-12,3.21887901692167e-11
TMUE_3000011111.1,1071.05574106201,1.12894032921399,0.228642113071873,2.16725391572038e-07,1.86727140982137e-06
TMUE_3000011112.1,1331.91863200254,1.12719948066745,0.145934486704225,3.37189813761474e-15,6.895143621304e-14
TMUE_3000011129.1,761.149139625059,1.07119202549196,0.294100643405784,8.20753416527274e-05,0.00044656916923061
TMUE_3000011159.1,8449.79431706517,5.84378677029657,0.273498513245976,1.08981918528098e-102,3.96074967996095e-100
TMUE_3000011160.1,675.04509676906,5.15398997787462,0.367549695451842,9.62344894994966e-46,8.1422524951664e-44
TMUE_3000011193.1,23.6499613544259,2.83175447807279,0.652199776968994,7.99867779247755e-07,6.24240393262608e-06
TMUE_3000011215.1,795.719555660507,2.22340444659311,0.368283611276584,1.4687581518171e-10,1.91261495160482e-09
TMUE_3000011223.1,18.0405691044416,4.36575113699697,2.24312175899205,0.000901481573495785,0.00381667774471038
TMUE_3000011251.1,8449.79431706517,5.84378677029657,0.273498513245976,1.08981918528098e-102,3.96074967996095e-100
TMUE_3000011252.1,675.04509676906,5.15398997787462,0.367549695451842,9.62344894994966e-46,8.1422524951664e-44
TMUE_3000011271.1,333.471016015783,1.2821709431887,0.383715851644626,0.000159307445180906,0.000811818150378543
TMUE_3000011290.1,23.6499613544259,2.83175447807279,0.652199776968994,7.99867779247755e-07,6.24240393262608e-06
TMUE_3000011319.1,352.321876948731,1.02177636275991,0.215492017070966,6.99726182440557e-07,5.5146975768393e-06
TMUE_3000011330.1,13826.2610949918,1.55327005256371,0.306445420180378,7.09672773744499e-08,6.51083036428473e-07
TMUE_3000011335.1,601.227892131214,1.58118153575406,0.130343110300632,1.24898296420225e-34,7.01354248738847e-33
TMUE_3000011346.3,2877.1159206339,1.64719026431681,0.398295580516747,5.2869943177834e-06,3.6176433947657e-05
TMUE_3000011347.1,247.74855807272,1.29524479928956,0.24180839555573,1.72163484376547e-08,1.71744621251739e-07
TMUE_3000011353.1,832.925659705194,3.59796276516371,0.579824799525253,2.49657666923443e-11,3.55817803188304e-10
TMUE_3000011358.1,7543.07051602896,3.49712928439093,0.213773079360571,7.18477501036682e-62,9.73658789752337e-60
TMUE_3000011383.1,685.664944447869,1.10129306057725,0.166929984828701,1.2882133574365e-11,1.88126208207918e-10
TMUE_3000011388.1,18124.2484657634,1.38567812229543,0.218145735195626,2.87173691497e-11,4.06029575661231e-10
TMUE_3000011401.1,12879.6738079223,3.54586624301975,0.134126702611876,3.65335803264365e-155,5.84208483000046e-152
TMUE_3000011415.1,2072.48789074471,1.6043485429642,0.239392991424808,3.10351387331149e-12,4.82296310477396e-11
TMUE_3000011415.2,334.157415400347,3.31832011193157,2.45660962096166,0.00196570692510328,0.0076418803915061
TMUE_3000011415.3,1221.28274338889,2.17496048463524,0.312065503128186,3.08540577155249e-13,5.31667281173447e-12
TMUE_3000011444.1,429.346045476409,1.36681637408359,0.295417297581596,6.89402200712916e-07,5.44137738973358e-06
TMUE_3000011481.1,325.292185515718,1.71356027550382,0.509201342298585,8.58940536517347e-05,0.000464973531464079
TMUE_3000011488.1,1084.4814160656,3.70359990446425,0.251073443598059,1.47599316659185e-50,1.55280307414278e-48
TMUE_3000011501.1,9495.61044221767,1.31367609687927,0.274843750952529,3.85566316910992e-07,3.18306193790587e-06
TMUE_3000011512.1,3361.83741341467,6.08028734940547,0.355497763395236,2.97836933146429e-67,4.45113121303229e-65
TMUE_3000011513.1,274.346021481133,5.31058144536357,0.994857287729838,2.32016901458247e-09,2.59090940727572e-08
TMUE_3000011517.1,76.8049463779286,2.61765757259546,0.776982701834552,4.10704519968993e-05,0.000238387512842983
TMUE_3000011528.1,129.1171710391,1.65935884393465,0.365632084736506,7.95438685728269e-07,6.21998045157983e-06
TMUE_3000011598.2,495.218502989885,2.42415323396482,0.761026663165458,8.51197892360023e-05,0.000460938215263431
TMUE_3000011598.3,153.318514220665,1.32874175747826,0.381509753997332,9.45704337209126e-05,0.000507304866028552
TMUE_3000011612.1,35.9423489396095,1.69480337267106,0.379373157669519,9.27632021093641e-07,7.17994368311153e-06
TMUE_3000011668.1,306.213868907892,1.11676576766354,0.243383174417278,1.16592765319561e-06,8.93784712476082e-06
TMUE_3000011680.1,17940.5743467794,4.75328502623024,0.20817041969065,8.16512872330543e-118,3.95662343679931e-115
TMUE_3000011689.3,391.318986455207,1.35247809253023,0.145959119890843,4.35135020259443e-21,1.32286009676212e-19
TMUE_3000011719.2,266.010930197058,1.53106526598371,0.43525743023558,6.18519796050217e-05,0.000345468042565107
TMUE_3000011755.3,2470.44326969849,1.27817603430154,0.213862900795758,5.05165124519725e-10,6.11513664359948e-09
TMUE_3000011755.8,425.374239189218,1.04029530187678,0.265108942698161,2.64451735077271e-05,0.000159880820250308
TMUE_3000011763.1,288.414752412098,1.29214120259574,0.239327502775978,1.40619162062545e-08,1.41780644422583e-07
TMUE_3000011764.2,1670.41426870393,1.6379763899756,0.255572436708881,1.99027364509621e-11,2.85695384728308e-10
TMUE_3000011778.1,243.680097556887,1.89008419123607,0.267472616098375,1.94215143276269e-13,3.40536661856449e-12
TMUE_3000011795.1,1387.66703606697,4.42417385928608,0.408884157820294,1.49321134313581e-28,6.82226931088137e-27
TMUE_3000011812.1,2764.17746773846,1.06094866272512,0.185857818231337,3.61311939631003e-09,3.93847254712976e-08
TMUE_3000011826.1,2727.74141681871,1.75053864551157,0.128737957769595,6.07371786861799e-43,4.66946261716684e-41
TMUE_3000011833.3,523.862457775437,1.4920866273277,0.262570624352067,2.20608778684242e-09,2.46868787959392e-08
TMUE_3000011861.1,453.423546758227,1.14749539033089,0.359879386312213,0.00034316625740254,0.00162498419369974
TMUE_3000011877.1,317.253737978622,1.01198003133601,0.366281579850568,0.00167423464475686,0.00663018479551932
TMUE_3000011878.1,1465.24250217404,1.19232867052565,0.200479714930332,7.13208599062044e-10,8.49212115234635e-09
TMUE_3000011885.1,11816.1309824742,1.34621451349487,0.136181941906167,1.0904343594536e-23,3.83233754769727e-22
TMUE_3000011892.1,96.4110031327277,1.44594413881259,0.32300722860908,1.36957033580115e-06,1.0369696609752e-05
TMUE_3000011893.1,157.170822848757,1.14142212733136,0.367835461711494,0.000470363950381149,0.00214229277429363
TMUE_3000011910.1,225.018314370648,1.15892147670767,0.365078174204276,0.00035531578787196,0.00167705276383132
TMUE_3000011928.1,538.580866490489,1.16842123932889,0.322182644799549,6.71878774241834e-05,0.00037279713667249
TMUE_3000011946.1,550.841101523238,2.8104952809498,0.256877266720845,7.17174180362972e-29,3.32415429512588e-27
TMUE_3000011993.3,3060.6096085298,1.01203112130376,0.25046728348283,1.85673088450264e-05,0.000115439282947441
TMUE_3000012013.1,95.4608902638149,1.88041890152152,0.68557780513249,0.00051078003500157,0.00230992181552888
TMUE_3000012014.1,142.820030646427,1.56086907392344,0.59763499861074,0.00106368676067803,0.00442607728077086
TMUE_3000012027.1,252.811363971795,1.13680887826379,0.270359337744946,7.02966925445902e-06,4.70734677755671e-05
TMUE_3000012037.1,332.739737573076,1.73544636388421,0.243436314134852,1.54798457908922e-13,2.73522888444373e-12
TMUE_3000012038.1,1201.98878000737,1.14363441429264,0.151767904656486,1.37698564246038e-14,2.67550150772588e-13
TMUE_3000012054.1,17783.6121716481,2.12354343433524,0.122868792560378,6.59857409894171e-68,1.01459421554016e-65
TMUE_3000012054.2,8295.31917210629,2.04190912543999,0.13030327590841,2.78050254611791e-56,3.36841031931603e-54
TMUE_3000012055.1,1287.71888229712,1.20776425592686,0.143037149247641,8.29126307177604e-18,2.11123547421609e-16
TMUE_3000012056.1,2199.37432344197,2.10142228112232,0.291120369418974,5.19628280818007e-14,9.59512221542813e-13
TMUE_3000012057.1,204.152517842097,2.31634271735099,0.294153087595374,2.76109039993717e-16,6.18383705677806e-15
TMUE_3000012059.1,7514.20018486497,1.48592933464108,0.149699933454921,5.78773538813407e-24,2.05670392425893e-22
TMUE_3000012072.1,472.022397353532,1.01156586839206,0.143456531540921,6.01457236574155e-13,1.01241080737445e-11
TMUE_3000012074.1,3250.51025432296,1.00363297798964,0.30185538301114,0.000274190419242248,0.00132145237917504
TMUE_3000012099.1,1885.21357728555,1.1031136424506,0.19799325778483,7.24823421042145e-09,7.64050845476924e-08
TMUE_3000012111.1,511.548770107838,1.04282994964343,0.2782713064066,5.18678180842968e-05,0.00029464237264156
TMUE_3000012113.1,3896.34711220564,1.06199771195724,0.126638823916907,1.62160019760465e-17,4.03909793767851e-16
TMUE_3000012116.1,647.528684267068,1.9335200802118,0.252889311041118,2.5212557761292e-15,5.22923490480961e-14
TMUE_3000012117.1,368.489180604581,1.23415821714293,0.231848308220978,2.49322518565629e-08,2.435501768102e-07
TMUE_3000012139.2,8782.17733029814,1.92871633943066,0.285995631436504,2.28221442029124e-12,3.61693664964095e-11
TMUE_3000012139.3,3336.46607882869,6.06299548677507,0.672620991504579,6.85487419354714e-21,2.05659086733606e-19
TMUE_3000012139.4,898.243746679382,5.92100824464059,1.13306826129676,5.00314302922999e-09,5.39119003911165e-08
TMUE_3000012147.1,2898.59006732242,1.02877469781994,0.337287144480221,0.000663629606858385,0.00291541237452539
TMUE_3000012173.1,2347.68225393988,2.17732127091369,0.139162801408408,3.86581406276957e-56,4.64798741937956e-54
TMUE_3000012174.14,102.894127869821,9.42510408890499,2.31968800018523,2.25899186849103e-07,1.93899833435534e-06
TMUE_3000012174.7,1277.44740986324,1.12897299371643,0.224015739312894,1.29522800554248e-07,1.15066616870166e-06
TMUE_3000012182.1,1858.50139142267,1.18241319639178,0.203155215817308,1.52268200003998e-09,1.74546292922145e-08
TMUE_3000012222.1,174.210856845936,1.17347527939592,0.202334091328468,1.64769351148208e-09,1.87933430400213e-08
TMUE_3000012234.1,14495.3919681981,1.0328504927188,0.0991217359841764,7.15260678598446e-26,2.8241317312266e-24
TMUE_3000012245.1,475.556705850699,1.18099573777143,0.231208586305594,8.06992004152739e-08,7.34050576701163e-07
TMUE_3000012249.1,1641.09346978664,1.34547023709584,0.210085793404214,3.12152392512552e-11,4.3863171429422e-10
TMUE_3000012250.1,774.099683048727,2.52521276380883,0.276750846022475,5.46365309326053e-21,1.65159313070565e-19
TMUE_3000012262.2,224.919831219107,1.52527998075737,0.381329810205988,9.7017298668453e-06,6.3245153811954e-05
TMUE_3000012287.1,2033.44524826209,1.18848191405213,0.134352094692071,2.26979180230076e-19,6.25797253630886e-18
TMUE_3000012297.1,745.053914130828,1.16913572458978,0.314656095571576,5.03398691674518e-05,0.000286777644409235
TMUE_3000012303.1,3574.21985874033,1.38062195464193,0.101084495430937,4.0565259015974e-43,3.13371525084271e-41
TMUE_3000012314.1,526.560609214801,1.06701534601033,0.31246279613483,0.000177037869328105,0.000891657501866372
TMUE_3000012325.1,222.181499639255,1.82837650223456,0.703435193021989,0.00079298726803184,0.00340877940943472
TMUE_3000012330.1,7821.01524202967,2.06915919589868,0.294881011044595,2.48382163334934e-13,4.32195775178338e-12
TMUE_3000012330.2,3301.50452570402,1.34480753561797,0.309077124226945,2.71824937916221e-06,1.95009088479959e-05
TMUE_3000012333.1,900.341390752472,1.47005859477614,0.154713531763507,3.90701996391007e-22,1.26728511648856e-20
TMUE_3000012341.1,437.039670019974,1.26602558753846,0.338933477368219,3.87417864384944e-05,0.000226349984266702
TMUE_3000012351.2,272.514735809895,4.2328420072154,0.633716006387189,1.28670116949318e-12,2.1146596507056e-11
TMUE_3000012360.1,56.6293633858259,2.87819752743122,0.879464850420371,5.20795216372494e-05,0.00029563494160499
TMUE_3000012365.1,147.617863748112,1.41313057736747,0.287761608706221,1.73822783229922e-07,1.5164212365683e-06
TMUE_3000012394.1,1311.77146274055,1.29963250212101,0.272414526232682,3.57573608901382e-07,2.97655365952212e-06
TMUE_3000012428.1,869.832977929576,1.06837420509685,0.245040295930587,3.82998544587532e-06,2.67563552927009e-05
TMUE_3000012454.1,2044.7587496219,1.31405583015453,0.109368259851618,7.04412451838734e-34,3.89766765306339e-32
TMUE_3000012469.1,60.8133192735886,1.47362838960574,0.448966249598941,0.000146033376226394,0.000753379882002471
TMUE_3000012472.1,171.149981718329,1.83716295770209,0.748281661241666,0.0011279838992127,0.00466690570046838
TMUE_3000012473.1,438.945532789656,1.13795148317345,0.316628086273264,8.12238967967424e-05,0.000442237430601535
TMUE_3000012478.1,1446.524351365,1.07223138834632,0.375698092367934,0.00113355662088141,0.0046851134465016
TMUE_3000012507.1,2169.51793014756,4.01001112787535,0.25986233055962,3.62632839778178e-55,4.2638689271271e-53
TMUE_3000012527.1,65.1938171820767,1.28821319462615,0.291766945059988,2.16681529798736e-06,1.58506603065489e-05
TMUE_3000012534.1,1781.97360474903,1.04517581820475,0.199635944110331,5.31502702421461e-08,4.97906251577128e-07
TMUE_3000012536.1,1575.24908515677,3.06106186512596,0.24172554535819,5.62070291287538e-38,3.63889312873644e-36
TMUE_3000012541.1,21571.3879454467,1.28001335177228,0.103987338915367,1.99799122168581e-35,1.17896227402132e-33
TMUE_3000012557.1,19082.1405926012,1.0214722026175,0.0987282476760956,1.6172533131582e-25,6.26186385731545e-24
TMUE_3000012561.1,7720.18859856248,2.9587667570122,0.136625280505348,3.438670384795e-105,1.37469445308142e-102
TMUE_3000012565.1,79.7095844256301,2.68578651709385,0.459524145569452,3.35401024002215e-10,4.13842420896561e-09
TMUE_3000012566.1,556.790407973818,1.30265127552458,0.38132714190214,0.000124027828184845,0.000648146732190804
TMUE_3000012566.2,367.019084679868,1.3135418502465,0.185483693935839,3.1887612542842e-13,5.46532488930961e-12
TMUE_3000012585.1,1527.65183338114,1.02895588941833,0.284922632366333,9.36062413737721e-05,0.000503137050876566
TMUE_3000012610.3,388.670748140151,14.2720372778665,3.73780904089184,2.18846404813535e-11,3.13301061716494e-10
TMUE_3000012624.1,653.302177900571,1.04818274341607,0.34674563108911,0.000697063824673816,0.00304773340242902
TMUE_3000012624.2,686.619586381723,1.10858761444543,0.308266521823507,8.47944904484025e-05,0.00045948786742135
TMUE_3000012627.1,47.3154399796981,2.8088042286138,1.66455160425434,0.00210268130639284,0.00811781187120422
TMUE_3000012650.1,989.562235957846,1.11347872599876,0.217348470565892,8.31378731881972e-08,7.55803143918398e-07
TMUE_3000012656.1,628.641483056105,1.05381218600895,0.253552745412138,9.61603221633595e-06,6.27888816543194e-05
TMUE_3000012657.1,1275.11837859607,2.55588677769509,0.148306307392536,9.48949710556967e-68,1.43157120957702e-65
TMUE_3000012699.1,7021.10124295797,3.13073023058305,0.299814130107195,1.03840561048178e-26,4.32425628052451e-25
TMUE_3000012700.1,635.266006446998,2.38992643776062,0.310469759750675,1.04548237371944e-15,2.22910781841969e-14
TMUE_3000012721.1,1858.54307870059,1.1761242274209,0.206049374372371,2.9154111199451e-09,3.21963668639793e-08
TMUE_3000012726.1,4540.50189154148,1.07229435043754,0.113808635382056,1.47752141219304e-21,4.60566177434288e-20
TMUE_3000012743.1,1174.82283787928,2.94639147963865,0.966486787142445,9.73407003413234e-05,0.000520245701590275
TMUE_3000012759.2,283.808659181657,1.25375720610561,0.440848360640782,0.000844375133306699,0.00360256210157615
TMUE_3000012801.1,195.949635447564,1.06678838707265,0.259179383962261,1.08598914651411e-05,7.03363808906729e-05
TMUE_3000012907.1,900.736150729767,1.02105289230812,0.291617030907919,0.000140619383867471,0.000728423896153137
TMUE_3000012925.3,1402.20307390436,2.18706529882205,0.325677623985063,2.07569657092277e-12,3.3060222973731e-11
TMUE_3000012930.1,1137.81180380991,1.12180462624764,0.162663532556486,1.46371869392438e-12,2.38840057495354e-11
TMUE_3000012937.1,4194.22811910308,1.15184931222403,0.0834054305638218,3.35312984969089e-44,2.69446730785965e-42
TMUE_3000012945.1,194.649032471977,1.27525249091828,0.404653558250882,0.000319573537491488,0.00152137553975182
TMUE_3000012957.1,6924.45293643421,3.76255138621191,0.260268499887426,1.70756258992073e-48,1.62533531996562e-46
TMUE_3000012968.1,947.939547181583,3.70561591130639,0.267415492501591,1.02131329078594e-44,8.4620833331388e-43
TMUE_3000012977.1,921.043820960541,1.27428751692436,0.267210729392907,4.100658822991e-07,3.36966265356881e-06
TMUE_3000012980.1,936.72330572801,5.15519947200246,0.454409700167546,5.09250556072394e-31,2.6100723212031e-29
TMUE_3000012984.1,37.881601503111,1.56017012768231,0.615417103255037,0.00136270645163922,0.00550974434087554
TMUE_3000013010.1,51.2934305433673,1.79864510177522,0.393359004706035,5.5207439718196e-07,4.43406413125902e-06
TMUE_3000013034.2,975.508892204409,1.35095878281273,0.257830547142322,3.1305612843602e-08,3.02665087655404e-07
TMUE_3000013056.1,4527.45454317459,1.0538592840223,0.246814684566934,6.61956478582366e-06,4.45511197348932e-05
TMUE_3000013072.1,5583.09165640195,1.1951428312943,0.268400953455575,2.17137839640628e-06,1.58767772916931e-05
TMUE_3000013072.2,10776.4973408105,1.46997588459123,0.291060151875755,1.17165959705177e-07,1.04904863473991e-06
TMUE_3000013090.1,1112.80483629684,1.53164241373628,0.131312838475389,3.8146087967665e-32,2.01318182406248e-30
TMUE_3000013094.1,10257.1166116168,1.50782895191092,0.18244695683926,2.51895176307152e-17,6.19700886819642e-16
TMUE_3000013118.1,9474.71945121485,1.85307622718695,0.146670895069336,1.6591040230103e-37,1.04864555067026e-35
TMUE_3000013119.1,211.199373296855,1.90989585302663,0.378928558858252,4.73396318129646e-08,4.46489770090627e-07
TMUE_3000013128.1,1321.18130513333,1.76211654858533,0.158995075999019,2.26881675828924e-29,1.07657711518704e-27
TMUE_3000013154.1,814.291834067924,1.86550751592438,0.877194682092959,0.00227896291288064,0.008735114079548
TMUE_3000013223.1,8.05585836454202,3.79675613562164,0.946633375591091,5.20805327271386e-06,3.56820822124967e-05
TMUE_3000013253.1,80.6061788623203,2.43023897629841,0.809325416051279,0.000153421355954567,0.000785075488982232
TMUE_3000013261.1,2060.85180858063,1.03628900204989,0.159211727389808,2.50962733817102e-11,3.57359312241254e-10
TMUE_3000013272.1,352.200753181876,1.32121502343734,0.315431770385939,5.26006221686818e-06,3.60229785481537e-05
TMUE_3000013273.1,1615.03006557847,1.38277346427543,0.278509109186636,1.36947277660676e-07,1.21325424768525e-06
TMUE_3000013274.1,319.385487417097,1.52847916494849,0.253015522260715,2.39636679424145e-10,3.00787295186146e-09
TMUE_3000013277.1,1365.61809392506,1.06176320860776,0.221323450452456,4.89834175421047e-07,3.96403760078844e-06
TMUE_3000013280.1,179.269620621009,1.09511732245161,0.338742704761048,0.000310522563211072,0.0014827011968672
TMUE_3000013293.1,35.9423489396095,1.69480337267106,0.379373157669519,9.27632021093641e-07,7.17994368311153e-06
TMUE_3000013333.1,413.366828065647,1.60037243215198,0.254650073484748,5.54598953533265e-11,7.56705790610106e-10
TMUE_3000013335.1,1033.72159891666,1.73361580670884,0.129597314328992,1.01401266466023e-41,7.37048932753712e-40
TMUE_3000013381.1,9670.43753075104,4.55692372607836,0.195651423953074,3.5655451748979e-121,1.96609078937215e-118
TMUE_3000013393.1,1758.85551965646,1.08748910716477,0.176029602815857,1.8188738067327e-10,2.33548533132707e-09
TMUE_3000013414.1,413.366828065647,1.60037243215198,0.254650073484748,5.54598953533265e-11,7.56705790610106e-10
TMUE_3000013416.1,1033.72159891666,1.73361580670884,0.129597314328992,1.01401266466023e-41,7.37048932753712e-40
TMUE_3000013459.1,7076.28023903198,2.66154037234265,0.129829771868835,1.85889764201767e-94,5.8285553320597e-92
TMUE_3000013460.1,777.241102221016,1.39801243863467,0.218794581724417,3.32494689773953e-11,4.65987956544723e-10
TMUE_3000013480.1,728.821605293043,3.24126777289027,0.417441351771223,4.85986819698696e-16,1.06603775497968e-14
TMUE_3000013484.1,404.178839460483,1.3849687168234,0.23623057825089,8.74271241278004e-10,1.03176910843369e-08
TMUE_3000013488.1,5520.38922849203,2.39608077216615,0.18052675072674,3.04496293572737e-41,2.17375010291145e-39
TMUE_3000013491.1,151.801442150075,1.29991043383408,0.175097943023155,2.88306904378855e-14,5.43028940862458e-13
TMUE_3000013519.1,3004.72303581443,2.956636794891,0.27955728043479,3.26158293070737e-27,1.39454472312678e-25
TMUE_3000013557.1,18887.2414787623,3.91149879226499,0.280637957130366,2.17754853179457e-45,1.83269360904879e-43
TMUE_3000013561.1,284.07660402961,1.55606531083211,0.294085150880072,1.93281816890948e-08,1.91378918507935e-07
TMUE_3000013568.1,1954.57976227079,1.21970233171536,0.144230042206597,7.17598331638151e-18,1.83601838739611e-16
TMUE_3000013579.1,2949.26038565158,1.09805648108539,0.11510046149296,4.47190788665425e-22,1.44757649828923e-20
TMUE_3000013595.1,3111.14561587369,1.15121478060344,0.188532685311617,2.88436029204943e-10,3.57271924323488e-09
TMUE_3000013613.1,617.076248649223,2.01622610010522,0.717879336591635,0.000369270767264768,0.00173269038712761
TMUE_3000013619.1,12921.2317681523,1.13501366080018,0.0898439086733352,4.00006309457538e-37,2.5183074387935e-35
TMUE_3000013622.1,71.9454819963617,1.12857783858909,0.439578680978706,0.00240071860333457,0.0091448049513871
TMUE_3000013624.1,11087.2891540523,3.75343218893033,0.335330890102612,2.79567413579413e-30,1.39269860141695e-28
TMUE_3000013641.2,3198.15547775737,2.40946804982884,0.33379570953225,4.86083268712499e-14,9.00690330241202e-13
TMUE_3000013641.3,4158.68272767851,1.95990091939636,0.208860718814152,5.31497937483887e-22,1.70666335708932e-20
TMUE_3000013645.1,798.205623761033,1.3015485145982,0.167192919845308,1.68176107117636e-15,3.53855806436595e-14
TMUE_3000013665.1,1287.46110956503,1.01149115096456,0.105407020342174,2.87419119885462e-22,9.41827693870578e-21
TMUE_3000013704.1,308.409688344992,1.46914097968938,0.205949189418445,1.51012552670453e-13,2.67424333306003e-12
TMUE_3000013708.1,641.945582922881,1.10714761511351,0.146890720499544,1.33861895782318e-14,2.60411870493315e-13
TMUE_3000013727.2,619.403176706354,2.67924193686836,0.764710951872411,2.46675683941513e-05,0.000150098586830622
TMUE_3000013729.1,269.21057709651,1.30206743756699,0.420969399569854,0.000368307036696148,0.00172969099083939
TMUE_3000013772.1,4560.43572712878,1.27401672662444,0.137135739464423,3.71932472366344e-21,1.13287088868766e-19
TMUE_3000013802.1,425.249337263118,1.15135644373626,0.239306001324518,4.01811773144233e-07,3.31375557728181e-06
TMUE_3000013803.1,639.92243174239,1.49637735171407,0.322758166642872,5.42379326496957e-07,4.36496618521029e-06
TMUE_3000013830.1,909.774185239367,1.47498813802869,0.196056662166399,9.45899592151068e-15,1.85821626266434e-13
TMUE_3000013844.1,199.647442882543,1.19460512795109,0.346065844266259,0.000123491906655906,0.000645768175060361
TMUE_3000013859.1,693.216971402849,1.05161117484316,0.0985951071454229,4.20986043549714e-27,1.77625008506688e-25
TMUE_3000013891.1,2886.15435176309,1.4157220631399,0.152329574556827,2.99793233036149e-21,9.18389576528939e-20
TMUE_3000013893.1,1321.04451400088,4.23906278797614,0.243664420689358,2.53947623134324e-69,4.14375147096018e-67
TMUE_3000013962.6,353.157463723251,2.06193599446976,0.814857284296299,0.000745695227871068,0.00323242406855144
TMUE_3000013966.1,620.606563591734,1.04018841538443,0.193052321030658,2.35123226427694e-08,2.3066598244204e-07
TMUE_3000013980.1,131033.714811009,1.2682694401644,0.131167016753634,7.4029781888485e-24,2.6190492083601e-22
TMUE_3000013986.3,362.709596282656,1.04028368166117,0.367076538337397,0.00127320552083015,0.00519362245242523
TMUE_3000014067.1,31.0382386677871,2.45327504912251,0.700217745696518,3.46876298854354e-05,0.00020521268571883
TMUE_3000014081.1,1125.09940563205,1.09520065815093,0.278670849484623,2.31856647330951e-05,0.000141728579796225
TMUE_3000014083.1,324.159789631438,1.46564443149594,0.410550108157277,5.58606119836112e-05,0.000315530570904248
TMUE_3000014090.1,6157.64160415011,1.06616785327507,0.119556989232659,1.50345326005027e-19,4.18845315008082e-18
TMUE_3000014137.1,221.797730452871,1.3251083209539,0.27316289225433,2.66571592201716e-07,2.25661531545667e-06
TMUE_3000014168.1,705.230592609413,1.05681631673584,0.236644532869593,2.36009575953559e-06,1.7092523229499e-05
TMUE_3000014175.1,509.97426269357,2.27985385160033,0.466888320324425,8.6269013336056e-08,7.82488821472984e-07
TMUE_3000014192.1,55.9855315867505,1.06029862739827,0.307222268668691,0.000168898226424286,0.000856597379876547
TMUE_3000014195.1,2686.32241952155,7.61694209331783,0.393011318510909,4.45565665281139e-84,1.14920008927592e-81
TMUE_3000014198.1,2079.69354487405,1.08366609253931,0.258430658455829,7.18845326098397e-06,4.80964669859392e-05
TMUE_3000014200.1,234.028041553968,1.49608573616537,0.244832396925715,1.78396069105329e-10,2.29319255712485e-09
TMUE_3000014231.1,70.7320266106304,1.71075942714699,0.572809453924237,0.000279803335094861,0.00134606953414619
TMUE_3000014293.2,1055.25645789732,1.12205545930581,0.127907494686284,5.4681460894456e-19,1.47455521275421e-17
TMUE_3000014312.1,1679.19536350896,1.32592540280834,0.127650311393647,6.28863280897806e-26,2.51405086791131e-24
TMUE_3000014314.1,1060.1781618676,1.42600364180669,0.125724405114553,1.65481871926648e-30,8.34769909772567e-29
TMUE_3000014324.1,665.211263688464,1.7824269869987,0.207406033250337,1.0872371244482e-18,2.89766814284185e-17
TMUE_3000014336.1,4388.15816561621,1.19530570828694,0.144292215042296,3.11683465113032e-17,7.59775958936356e-16
TMUE_3000014340.1,264.995883600376,1.22107251030159,0.38654744072501,0.00034010681338862,0.00161145127493257
TMUE_3000014363.2,364.175585793289,3.0220069380363,1.10697801479914,0.000230262709331639,0.00112948803218474
TMUE_3000014368.1,559.663441843127,1.25775041614022,0.215311802894121,1.25810386309891e-09,1.44944804573592e-08
TMUE_3000014414.1,89.9129481861429,1.4541801466061,0.495216877665022,0.000467340455425668,0.00213034242380612
TMUE_3000014433.1,489.815515586869,1.34705233944044,0.186873310334326,1.28291246263087e-13,2.28707393421743e-12
TMUE_3000014437.1,630.217682101525,1.24811908856071,0.244358684621798,7.57061230661172e-08,6.91065176294911e-07
TMUE_3000014496.1,19011.6260241753,2.4267703457546,0.11332583910058,9.07147607428912e-103,3.45385652152279e-100
TMUE_3000014496.3,239.899529331308,13.3412579684487,3.83767331054539,8.23674958885921e-09,8.60312623614942e-08
TMUE_3000014510.1,40.9614812056412,1.90315075029981,0.759080887962382,0.000848858359465404,0.00361782889824394
TMUE_3000014536.1,613.249122900208,1.99080462103718,0.195570422739009,2.63389096271733e-25,1.00044062671765e-23
TMUE_3000014577.1,2342.92039878288,2.10914586327539,0.153930538946822,1.00439640140451e-43,7.87318767395077e-42
TMUE_3000014578.1,1861.58546356773,2.49738758200415,0.146150365550288,1.64218277552558e-66,2.38728588758451e-64
TMUE_3000014578.2,1763.85580742907,3.17367374458013,0.180210035694248,1.90554766244307e-70,3.17412631980491e-68
TMUE_3000014607.1,222.618202360072,1.53587154980482,0.283799438355863,9.59775435117773e-09,9.89540231010206e-08
TMUE_3000014619.1,60.9326235677006,11.0629853436886,3.64370992774759,6.11783857725809e-07,4.87202971558437e-06
TMUE_3000014649.1,7053.79752062662,3.29748825696297,0.224066940032127,2.74535848069107e-50,2.81416842722634e-48
TMUE_3000014664.1,1272.44941274733,1.29090028743823,0.223055128017257,1.55356312445192e-09,1.77831266450326e-08
TMUE_3000014666.1,529.869578995276,1.68304826078479,0.250039664827644,2.33725825867464e-12,3.69319138482867e-11
TMUE_3000014666.2,831.947926948177,1.27811431103306,0.263994286670104,2.40181724355109e-07,2.05058513302859e-06
TMUE_3000014684.1,1622.38165971382,1.02109124525969,0.196235931217959,6.45874426665245e-08,5.97695483611339e-07
TMUE_3000014685.1,72.1559039354443,1.87373961696598,0.360263889372386,2.49539329269972e-08,2.43613151059592e-07
TMUE_3000014720.3,63.7352209526339,2.13357990362542,0.674609152219197,0.000118028980386271,0.000620651570324517
TMUE_3000014730.1,20050.9541409208,1.35367162616706,0.175890810519791,2.91411579660047e-15,5.98198019299591e-14
TMUE_3000014737.1,16307.2627329488,5.42244914844596,0.336396126659163,5.74777040135485e-60,7.41230616839237e-58
TMUE_3000014785.3,119.717175780476,2.24945752333784,0.40157695387729,2.13886532423062e-09,2.40018213331732e-08
TMUE_3000014789.1,1256.73639380409,1.44814927383286,0.0755315072320699,1.56063743850857e-82,3.7247989968941e-80
TMUE_3000014824.1,254.431287020538,1.91994950276834,0.712918554073316,0.000560799421618602,0.0025070571851001
TMUE_3000014828.1,35670.0083775834,8.71867443667801,0.359026079097415,3.20993405144093e-132,2.13875230902466e-129
TMUE_3000014830.1,168.403440955552,3.31816382355014,0.325349467166431,8.11968607459579e-26,3.19807635514436e-24
TMUE_3000014837.1,312.258888865379,1.05214246765191,0.162617554140912,3.38407246079272e-11,4.73444468246162e-10
TMUE_3000014846.1,3525.07340933995,1.35540753624682,0.11101443530455,6.56524448340557e-35,3.79006586765843e-33
TMUE_3000014869.1,674.958098417097,4.01872359769607,0.295344909263152,1.76413009734278e-43,1.36942739740817e-41
TMUE_3000014925.1,88.1467733536409,1.09146026266486,0.368952822040499,0.000744300771451167,0.00322812954604709
TMUE_3000014948.1,969.467385395718,2.38106406732879,0.17085236897072,2.90024347365298e-45,2.41551007224921e-43
TMUE_3000014956.1,1055.33972963304,1.01582282936878,0.162661485705283,1.46056864429393e-10,1.90505327821404e-09
TMUE_M000000027.1,34507.9260993592,1.02910013454244,0.29633062060824,0.000200447333714383,0.000997374268885755
TMUE_M000000028.1,46444.5198945216,1.01380270062231,0.300941612014522,0.000358181322594086,0.00168908213789503
TMUE_M000000038.1,3676.63777900976,1.38193641416787,0.310300646794334,1.80393889758628e-06,1.33611796717472e-05
